location_id,text,name
3660534,"Hidden Gem! Great food, great view, excellent customer service. This is our favorite place yoeat. Wish they would open later for dinner.We even had my sister in law's wedding ceremony in the front courtyard. Absolutely beautiful and the staff was so accommodating.",Ewa Beach Golf Club
3660534,"Beautifully maintained golf course, difficult but fun I've played this course many times over the years, and have always marveled at how well the staff keeps it manicured and maintained so nicely.  It is a difficult course for me (a bogey golfer), but I've always enjoyed playing it nonetheless.  The staff is friendly, the restaurant is affordable and I highly recommend this fine course at the ""end of the road"".",Ewa Beach Golf Club
3660534,"Lunch with friends Very laid back, food is good and very reasonable. Extensive menu with pupus, burgers, wraps, salads, sailing, local comfort foods. Something for everyone.",Ewa Beach Golf Club
9764074,At The Capitol The statue is located between the Capitol Building and the Iolani Palace. This is  a full height statue and  when we were there it had leis placed on it.,Queen Liliuokalani Statue
9764074,Just a Statute It is a statute and that's about all there is to say.  Just happened on the statute because we were visiting the state capitol.  It is not worth a special trip.  There is no parking except on a nearby street.,Queen Liliuokalani Statue
9764074,"Our QueenÊ»s Statue If you have not been, please visit.  The statue is located between the Capitol and the Iolani Palace.  It was created by Marianna Pineda who was known for creating statues of strong women, which perfectly describes Queen Liliuokalani.  There are often Hawaiians and others at the statue giving reverence and honor to the Queen.  Please be respectful of their space and voice when visiting.",Queen Liliuokalani Statue
255184,"Lovely atmosphere - the real Honolulu We strolled here from Waikiki beach one evening and found it has such a nice relaxed atmosphere, much less crowded than Waikiki beach and more a place where locals gather rather than tourists - for family picnics and barbecues, jogging and yoga, and  live music - it was a really nice atmosphere in the park and beach with a nice sunset view.",Ala Moana Beach Park
255184,"Nice park, but too many flies This was a nice, not too-crowded park to walk through. The beach wasn't the greatest, but it seemed to do the trick for locals looking for a swim during lunch. We brought our lunch from Foodland here to eat, and while we appreciated the tables, the amount of flies were out of control. It made it really hard to focus on our food, as we were swatting flies away the entire time. We tried moving from picnic table to picnic table, and finally down to the beach to no avail.",Ala Moana Beach Park
255184,"Beautiful and not crowded We discovered this gem by accident and fell in love with it! There was minimal breeze, no waves, and plenty of space to ourselves. If you park in the parking lot, there is plenty of space. Take time to explore the park, which is only a few blocks from Waikiki beach and much less crowded. It was honestly our favorite beach we visited!",Ala Moana Beach Park
3573231,Took 1 HR to check in so get there early  Everything else was great. Kayaks had ropes and rear storage area. Location is perfect. No heavy lifting.,Kama'aina Kayak and Snorkel EcoVentures
3573231,"The best snorkeling trip We booked with this company because of the wonderful reviews and the opportunity to sail.   The reviews were all accurate.   Unfortunately, there was no wind but the owner called and offered to switch us out to a kayak trip if the wind did not come up by the time we arrived.   No wind-  but it did not matter because we had a fabulous experience with our guide  Kevin-  who towed us out to the reef and guided us around with the kayak.  He taught us about the reef and explained how the reef was formed where we should look safely look for fish and turtles.  I am a very cautious snorkeler and he could not have been nicer to me and more helpful and encouraging.  We were lucky with a very calm bay and witnessed hundreds of fish and five turtles.  We learned about the good work this non-profit does for the community and the bay.    We returned to a healthy lunch with a vegetarian option (we advised them ahead of time). I highly recommend this company not only for the tour and our delightful guide, but how easy they were about everything and this is a company that cares so much about the environment.  A learning experience and an adventure.",Kama'aina Kayak and Snorkel EcoVentures
3573231,Mr Great day out . Staff were very courteous and professional and seeing turtles was amazing as well as the beautiful corals and exotic fish.  Would definitely go again. Amazing,Kama'aina Kayak and Snorkel EcoVentures
12946698,"Excellent Public Courts There are not many hotels that offer free tennis court in Waikiki.  It's fortunate to have these courts located in the Ala Moana Park, right in the heart of Waikiki.  There are 10 free courts.  Parking is also free.  Because of its location and ""free"", these courts are often crowded. You should come early around 6-6:30 am to beat the heat and get the court.  These courts are well maintained and clean.  After playing, you can jump in the ocean to cool off.  Wow!",Ala Moana Tennis Court
12946698,ç„¡æ–™ãƒ†ãƒ‹ã‚¹ã‚³ãƒ¼ãƒˆï¼†æ™¯è‰²æœ€é«˜ï¾‹ï¾ï½°ï¾ï¼†ã‚·ãƒ£ãƒ¯ãƒ¼ï¼†ãƒ©ãƒ³ãƒ ç„¡æ–™ãƒ†ãƒ‹ã‚¹ã‚³ãƒ¼ãƒˆï¼†æ™¯è‰²æœ€é«˜ï¾‹ï¾ï½°ï¾ï¼†ã‚·ãƒ£ãƒ¯ãƒ¼ï¼†ãƒ©ãƒ³ãƒæœ8æ™‚ã¾ã§ã«ã„ã‘ã°å¤§ä½“ã‚³ãƒ¼ãƒˆé–‹ã„ã¦ã„ã¾ã™ã€‚ãƒ†ãƒ‹ã‚¹ã®å¾Œã¯ï¾‹ï¾ï½°ï¾ã§æµ·æ°´æµ´ã€10æ™‚ã‚ªãƒ¼ãƒ—ãƒ³ã®ã‚«ã‚«ã‚¢ã‚³ã‚­ãƒƒãƒãƒ³ã§ãƒ†ã‚¤ã‚¯ã‚¢ã‚¦ãƒˆã§åˆå‰ä¸­ã‹ã‚‰å……å®Ÿã—ãŸãƒãƒ¯ã‚¤ã‚’æ¥½ã—ã‚ã¾ã™ã€‚,Ala Moana Tennis Court
2522682,"At the entrance to USS Missouri This is so worthwhile to take a few moments tp pay respects, to the ship that suffered the second highest number of casualties in the raid",USS Oklahoma Memorial
2522682,"Small  but nice Sitting just in front of the entrance to the USS Missouri on  Ford Island, this memorial doesn't have the beauty of the Arizona memorial, but it is moving nonetheless.  Each marker has the name of one of the 429 sailors who died in the attack, and the rows of them remind you of a cemetery.",USS Oklahoma Memorial
2522682,Nothing much to see A rather deteriorating memorial to the brave victims on the Oklahoma.  Glad it's there but nothing much to see,USS Oklahoma Memorial
7813141,"Hanauma Bay Snorkel. We had an amazing time snorkling with Dan at Hanauma Bay. Dan was great with the kids (5 & 9), especially the 9 year old who was very nervous. He was well set up and very professional. Would highly recommend this adventure.",Blue Hawaii Divers
7813141,"Great for First Timers I was really looking forward to going snorkeling for the first time. Unfortunately, I froze up when my face hit the water. It was no problem. I was ready to let the group go on without me, but they were so patient and kept working with me. Suddenly I was alongside everybody else and feeling more comfortable by the minute. The group size is kept small. The sights were incredible. Dan will ask you if you would like to rent a wetsuit. You are in the water for over an hour, so this was helpful as some in our group without one got cold. I highly recommend and left wanting to do it again.",Blue Hawaii Divers
7813141,"""Awesome snorkeling experience"" We highly recommend this hassle free guided snorkeling tour.  Our tour guide Dan was very friendly, professional, knowledgeable and helpful.  He ensured we all had a wonderful snorkeling experience at Hanauma Bay.  We swam with a sea turtle, moray eel and an array of tropical fish.  The masks, snorkels, fins and safety vests were in excellent condition.  Dan even captured some amazing photos for us.  Mahalo Dan!",Blue Hawaii Divers
275372,"Capitol building While near the Palace go and visit the Hawaii State Capitol building, a great piece of architecture and well worth a quick wander around and through the building open centre",Hawaii State Capitol
275372,"Once Located in Iolani Palace Hawaiiâ€™s capitol building is located near Iolani Palace and houses the offices of the governor and other state officials.  The building itself was designed with lots of open space to convey the government is an open one. Near the archives building on the palace grounds is a path that leads to the back of the capitol building.  In front is a statue of Father Damien, the Catholic priest who administered to the Hawaiians with leprosy.  At the back of the building is a statue of the Queen Liliuokalani who was the last sovereign monarch of the Hawaiian Kingdom. The building has eight columns which are intended to represent the eight Hawaiian islands.",Hawaii State Capitol
275372,"Outside visit I have visited many of the nations state Capitol buildings over the years so I appreciate how unique this building is. The arch iTU re is great and quite simple. The 2 chambers sitting on the ground floor with open space between them is unique too. When we visited it was a weekend so the building wasnâ€™t open but the last I read, the building was remaining closed to the public (due to Covid restrictions) until further notice. Shame. Great to have seen it though, even if just from the outside.",Hawaii State Capitol
1759087,"Janice I am giving this a 5 star because this is the oldest golf course in Hawaii.  it has been there since 1898.  The fact that is has lasted for all these years, gives it heart.  Easy to get on and easy to make a tee time.  The people are friendly and the food at the restaurant is ONO ( Hawaiian for the best) .Course - yes only nine wholes but challenging and greens are very well maintained.  If you love golf and a little Hawaiian History then your need to check out this fun course.",Moanalua Golf Club
1759087,"Just a local SJ guy A 9 hole challenging and fun layout with crowned  greens. Shot making a premium. Parking lot is small and boarders the left side of the 9th fairway (risk of car or yourself getting dinged). No problem shop, just a check-in/starter window. Restaurant doesn't open till about 8:30 am (weekdays) earlier on weekends. Food is very tasty with good portions and price is very reasonable. Great local course with a layed backed atmosphere.",Moanalua Golf Club
1759087,"RESTAURANT - ONLY, a wonderful low-cost place to eat good food Stuck without a car or bike at an AIRBNB, the restaurant at the Moanalua Golf Club was the only place in walking distance.  The restaurant is a zero-atmosphere establishment with great food.",Moanalua Golf Club
561036,We Got Married Here! My husband and I were married on Magic Island. It was beautiful and such a nice location. We met friendly locals as well and were within close distance of everything in Waikiki still.,Magic Island
561036,"AMAZING Our favourite place in Waikiki. Great place to escape fromt eh hustle and bustle on the streets and in the resorts. Lovely swimming area for the entire family, with gorgous shaded areas to relax in the adjacent park. Bring your own food and drinks, or simple tottle over to the shopping mall across the street. Heaven.",Magic Island
561036,"Relaxing & Quiet I had some time to kill in between appointments and Magic Island was the closest park and beach.  The parking lot was quite empty on a weekday so parked quite close.I headed to the beach first.  Passed by the showers and restrooms.Sand was soft, beach was clean and water was warm.  It was relaxing to just people or boat watch and get my feet wet and sandy.Heading back to the park it was nice to have the palm trees proving shade which was good for picnics.  More walkers and some joggers passed by. My favorite place to visit when donâ€™t have time to drive outside of town to go to a beach.",Magic Island
19735637,"Incredible experience! The hike to the top of diamond head is a moderate hike not too difficult there are a few steep stairs though. We loved it we got the early 7am so not too hot and it roughly took us and hour and a half, incredible views at the top and we enjoyed every minute of it please check this out when your in Oahu!",Diamond Head Crater Hike
19735637,"Breathtaking views The views from the top are absolutely breathtaking!  Definitely worth a visit.  The hike itself is not very difficult but there are a lot of stairs, so people with mobility issues should abstain.  There isnâ€™t much shade so it gets very hot. Be sure to bring lots of water. It is very crowded at the top platforms which can hold about 20 or 30 people so definitely no social distancing there.  Highly recommend a visit!",Diamond Head Crater Hike
19735637,"Excellent views - not very difficult hike I hiked the crater with my son. I am 61 and he is 37. We both found it easier than we expected - though we took the easier path instead of the seemingly never-ending steps towards the top of the hike. We took the bus (No.2) from central Waikiki at 7.15am, arriving at the Diamond Head State Monument bus stop c7.30am. It was important to us to try the hike early in the morning to try to avoid the crowds and the heat later in the day. We avoided the heat but even at 7.30am there were very few car parking spaces (making us glad that we had taken the bus) indicating that it was already busy. Its $5 each (without a car) and off you go. The path is smooth initially then itâ€™s quite rough so needs attention as you climb. The ascent took us about 35 minutes with several sight-seeing stops and without rushing. The view from the top is amazing. The sea, volcanic rock, mountains, greenery and especially the view of Waikiki is well worth the effort. Going down can be tricky due to the rough path and the fact that others are coming up (itâ€™s just one path going up and down - and itâ€™s narrow). We walked back to our hotel in central Waikiki in about 40 minutes from the end of the hike. We didnâ€™t stop at the food vans because they were pretty busy. Well worth doing.",Diamond Head Crater Hike
634758,Educational We took our son to the Aviation Museum. He enjoyed seeing the planes and the maps. My husband loves History so he knew all the history and could explain it with visuals the museum offered.,Pearl Harbor Aviation Museum
634758,"Great selection of Aeroplanes A 10 min bus journey from the main museum area , but if you want to see the USS Missouri, ( a must), then go here also, loads to see.",Pearl Harbor Aviation Museum
634758,"Goosebumps The collection of warbirds and jets is very impressive and absolutely a must while visiting the historical site of Pearl Harbor. Understanding that you are on a key spot of the worldâ€™s history, in the hangars where the bullet holes of December 7th 1941 are still visible, on the runway which was bombed, looking at the legendary control tower,.. gives you goosebumps.",Pearl Harbor Aviation Museum
2471943,"BEST Stand-Up Paddle instructor, class and fitness program on Oahu! If you want to try stand up paddle, this is the company to call. I'm a ""local"" and have been a devoted SUP fan since first learning from father & son team, Reid and Matt Inouye of PCF over 6 years ago.  Matt is now the owner and lead instructor who conducts introductory beginner class and also holds regular workout classes on SUP, 7 times a week. PCF is the only licensed SUP operator at Ala Moana Beach park. While it seems easy to get started on SUP, proper technique, safety, knowledge of paddle and board types are key. With Matt and his team, you get expert instruction, lots of encouragement. The fitness class is the best and varies every time. You never get bored. There's ""boot"" camp, sprint/endurance, ocean/surf paddling and more. All levels are accommodated. If you plan to SUP on vacation or want to try a new fitness program, PCF is it.",Paddle Core Fitness
2471943,"Matt was great! My husband and I wanted to try stand-up paddle (SUP) on our vacation on Oahu.  A friend recommended we go down to Ala Moana beach and check out someone there who rented paddleboards.  The lifeguard knew Matt Inouye with Paddle Core Fitness Hawaii was in the beach parking lot and was able to connect us with him.  What a great guy!  We had decided to try SUP on our own after watching some teaching videos and Matt was willing to rent us some boards for an hour following a class of his.  He gave us some tips and encouragement and we headed out onto the water on our own and had a blast.  If we'd had more time and little more in the budget, we definitely would have taken a class with Matt!  He was knowledgeable, friendly, helpful, and encouraging and we can't recommend him highly enough.",Paddle Core Fitness
2471943,"Best of the Best Matt had my wife and I paddle boarding in 15 minutes and we are 60 years old. Matt taught us the basics, gave us confidence almost immediately.  Matt took us through a series of short actions that built to a mile paddle board trek with Matt at our side all the way.  Matt is the best at what he does regardless of your age.  This is the only place to go, if you want to learn quickly and properly.  Thanks Matt.",Paddle Core Fitness
15150300,Great place If you have kids ages 2-14 this place is alot of fun for them.  Nice place to have a bday party as well.  Plenty of room. Plentiful TV's for parents to sit and veg while their children jump.  Staff was good and very helpful.,iTrampoline Hawaii
10266468,amazing Amazing experience even with two kid 10 and 12.  My husband aloso love the experience and it was is firts time,Yoga Floats
10266468,Grounding on vacation This was a great way to start the day. Everyone was patient and kind. This experience is fun and much easier than you think.,Yoga Floats
10266468,"A great experience! This was my first SUP yoga class and it was so much fun!  I am a Pilates instructor, so I was looking for a new challenge and a little adventure, and this class definitely delivered!  I emailed with a couple of questions in advance, and the owner was not only prompt and helpful with her replies, but also helped me quickly when I needed to reschedule for a different day.  The instructor was great, gave different level options, and was a very effective teacher.  I definitely want to do it again!",Yoga Floats
5859033,"Great guide, terrible day to fish.  We met Jake to start our day. Heâ€™s a friendly and knowledgeable guide.   We just happened to pick a day where we didnâ€™t catch a thing.  Not his fault, just one of those days.  Itâ€™s a lot ofWalking in the water, so be prepared for that.  Not my style of fishing. ğŸ˜Šbut my son loved it.  Jake tried really hard to land a fish or two.  No doubt about that.",HI Tide Fishing
5859033,Chasing BIG Ghosts Had the pleasure of fishing a half day with Jake of Hi Tide.  This was my first experience on a bonefish flat.  Jake gave me plenty of shots at some sizable bones but I just couldnâ€™t connect.  This is a first class operation and I will definitely book Jesse and his crew again!,HI Tide Fishing
5859033,"My First Bonefish on a Fly! Was on a short visit to Oahu to see my daughter and carved out some time on Father's Day to do a 1/2 day fishing outing. If it wasn't such a short visit I would have done a full day. But even with just a half day, the trip couldn't have been better. We launched out of the Keehi Small boat harbor and didn't waste anytime, making a quick run to a large nearby flat. Jesse got us to the right spots on the flats, wasn't long before he was seeing fish and gave me good directions so I could get my eyes on them, too. I got ample shots at lots of fish, had two hooks ups. Landed one and the other cut me off on some coral after making a screaming long run. That's fishing. I probably could have gotten more if my casting was a little better. With Jesse's great help and direction you don't necessarily need to be an expert fly fisherman to have a successful day.  Jesse is very knowledgeable and experienced. He is very personable and I enjoyed talking fishing while we scanned for bones. Also his boat is in great shape and well rigged for bonefishing.Getting my first bonefish on a fly was an awesome experience and helped make for a great Father's Day. I was glad I booked Jesse and would definitely go out with him again next time I'm on Oahu. .",HI Tide Fishing
2322668,A ukulele players must do! The Kanilea tour should be on every ukulele player's must do list when in Oahu.  As I toured the shop it was evident from the tour leader to the craftsmen that they all take temendous pride in the craftmanship of building ukuleles.  They blend the latest in precision cutting machines with time proven work by hand as each ukulele makes its way from raw wood to finished instrument.  On the day of my tour I was fortunate to find Joe Sousa on the floor overseeing the precision fret board cuts on an  ebony blank.  He took the time to greet me and explain the process in detail.  It's evident that his attention to detail and love of ukulele resonates throughout the factory.,Kanile`a `Ukulele
2322668,A Uke factory tour of interest to players and those who appreciate art/craftsmanship! I can recommend this factory tour as both an informative and entertaining event when visiting Oahu.   I'm the ukulele player and it was SUPER interesting to learn how a mid-range to high end ukulele that you can only dream of is built!   The owner's son is very passionate and knowledgeable giving a fast paced tour that shows how high tech and real artisans work together to build fantastic instruments.   We had a group of 4 and even those who aren't into the Uke at all really enjoyed the tour.,Kanile`a `Ukulele
2322668,Amazing Experience! We had the most amazing time touring the Kanileâ€™a ukulele factory. We got to see first hand how their ukuleleâ€™s are hand made right here in Hawaii. The tour shows step by step how the ukuleleâ€™s are made from start to finish by highly skilled local luthiers. It is a family run business committed to preserving the natural beauty of Hawaii through reforestation. If you already own a Kanileâ€™a ukulele or are thinking about purchasing one of their beautiful instruments the tour is a must see!,Kanile`a `Ukulele
17431305,"Known as Mokuâ€˜ume to Ancient Hawaiians At the time of the attack on Pearl Harbor on December 7, 1941, Ford Islandâ€™s coastline was home to nine of the Navyâ€™s battleships.  Seaplanes were based here as well. Access to the island is a controlled entry point on the bridge.  Before the bridge was built, the only way to get off and on was by ferry.  It is open to military and DoD personnel and those who are a part of a tour group. On the island are several naval facilities, the Navy Inn, military housing, Nob Hill, Luke Field, and Hospital Point. It also has four main groups of military housing: Nob Hill, Luke Field, and Battleship Cove.  Ancient Hawaiians used this place for a fertility ritual. The Hawaiians called it Mokuâ€™umeâ€™ume and could be thought of one of the first incidents of mate swapping. However, the ancient Hawaiians believed this practice to be a means to increase the birth rate.",Ford Island Historical Trail
17431305,Ford Island Ford island has great walking trails with very convenient places to park. Areas have the location and historical information about the ship that was parked there during the attack on Pearl Harbor. The museum is excellent! The views of the Arizona memorial from Ford island are worth it!,Ford Island Historical Trail
17431305,"Relaxing day out Once walk field with history. USS Utah Memorial on this path. Kids friendly trail and also will expand their knowledge of the past. You can walk it, bicke it, roller skate it...",Ford Island Historical Trail
15184726,ãƒãƒ¯ã‚¤ã®ç©ºã®ä¸‹ã€æµ·ã®ä¸Šã§å¯ã‚‹ã®ãŒæ°—æŒã¡ã„ã„ SUPãƒ¨ã‚¬ã®æœã®éƒ¨ã«å‚åŠ ã—ã¾ã—ãŸã€‚ã‚¢ãƒ©ãƒ¢ã‚¢ãƒŠã«ã‚ã‚‹ãƒã‚¸ãƒƒã‚¯ã‚¢ã‚¤ãƒ©ãƒ³ãƒ‰ã§è¡Œã„ã¾ã™ã€‚ãƒã‚¸ãƒƒã‚¯ã‚¢ã‚¤ãƒ©ãƒ³ãƒ‰ã®ãƒ©ã‚¤ãƒ•ã‚¬ãƒ¼ãƒ‰ã‚¿ãƒ¯ãƒ¼ã§å¾…ã¡åˆã‚ã›ãªã®ã§ã™ãŒã€ãƒ©ã‚¤ãƒ•ã‚¬ãƒ¼ãƒ‰ã‚¿ãƒ¯ãƒ¼ã£ã¦ãƒ“ãƒ¼ãƒã®è‡³ã‚‹ã¨ã“ã‚ã«ã‚ã‚‹ç™½ã„ç›£è¦–ç”¨ã®å»ºç‰©ãªã®ã§ã€ã¾ã ãƒãƒ¯ã‚¤ã‚’ã‚ˆãçŸ¥ã‚‰ãªã„ç§ã¯ä½•å‡¦ã‹ã‚‰ãŒãƒã‚¸ãƒƒã‚¯ã‚¢ã‚¤ãƒ©ãƒ³ãƒ‰ã§ã©ã®ã‚¿ãƒ¯ãƒ¼ãªã®ã‹åˆ†ã‹ã‚‰ãšå›°ã‚Šã¾ã—ãŸã€‚åœ°å…ƒã®æ–¹ã«ã‚¢ãƒ©ãƒ¢ã‚¢ãƒŠãƒ“ãƒ¼ãƒã‚’å¥¥ã«é€²ã‚€ã¨ãƒã‚¸ãƒƒã‚¯ã‚¢ã‚¤ãƒ©ãƒ³ãƒ‰ã ã¨æ•™ãˆã¦è²°ã£ãŸã®ã§ã€ã¨ã«ã‹ãå¥¥ã®æ–¹ã®ç™½ã„ã‚¿ãƒ¯ãƒ¼ã®è¾ºã‚Šã§ã†ã‚ã†ã‚ã—ã¦ã‚‹ã¨SUPãƒ¨ã‚¬ã®æ–¹ã¯ã“ã¡ã‚‰ã§ã™ãƒ¼ï¼ã¨å£°ã‚’ã‹ã‘ã¦è²°ãˆã¾ã—ãŸã€‚æ¡ˆå†…ã«ã¯ã€è·ç‰©ã¯ãƒ­ãƒƒã‚«ãƒ¼ã‚‚ãªã„ã—ãƒ“ãƒ¼ãƒã«ç½®ãã®ã‚‚æ¨å¥¨ã—ãªã„ã¨æ›¸ã„ã¦ã‚ã£ãŸç‚ºã€ã‚¹ãƒãƒ›ã‚‚ãƒ›ãƒ†ãƒ«ã«ç½®ã„ã¦ã‚¿ã‚ªãƒ«ã¨ãƒã‚¹ä»£ã®ãŠé‡‘ã ã‘æŒã£ã¦è¡Œãã¾ã—ãŸã€‚ä¸‡ãŒä¸€ç›—é›£ã«é­ã£ãŸæ™‚ã®ä¿è¨¼ãŒå‡ºæ¥ãªã„ã®ã§ãã†æ›¸ã„ã¦ã‚ã‚‹ã®ã ã¨æ€ã„ã¾ã™ãŒã€ä¸€å¿œè·ç‰©ã¯ãƒ„ã‚¢ãƒ¼ä¼šç¤¾ã®ãƒãƒ³ã«ç½®ãäº‹ãŒå‡ºæ¥ã¾ã™ã®ã§ã€ã‚¹ãƒãƒ›æŒã£ã¦è¡Œã‘ã°è‰¯ã‹ã£ãŸãªãƒ¼ã¨æ€ã„ã¾ã—ãŸã€‚SUPãƒ¨ã‚¬ã¯ä¸­ã€…ãƒãƒ©ãƒ³ã‚¹ã‚’ä¿ã¤ã®ãŒé›£ã—ãã€æ•°å›æµ·ã«è½ã¡ã¦ã—ã¾ã„ã¾ã—ãŸãŒã€æµ·ãŒç¶ºéº—ã§å¤©å€™ã‚‚æ™´ã‚Œã€5æœˆã®å¾ŒåŠã§æš–ã‹ã‹ã£ãŸã®ã§æ°—æŒã¡è‰¯ã‹ã£ãŸã§ã™ã€‚æœ€å¾Œã«ãƒœãƒ¼ãƒ‰ã®ä¸Šã«å¯è»¢ãŒã£ã¦ãƒªãƒ©ãƒƒã‚¯ã‚¹ã™ã‚‹æ™‚é–“ãã‚ã‚‹ã®ã§ã™ãŒã€ã“ã‚ŒãŒæœ¬å½“ã«æ°—æŒã¡ã„ã„ã§ã™ã€‚é™¸ã®ä¸Šã®ãƒ¨ã‚¬ã«æ¯”ã¹ã¦æ±ºã—ã¦å®‰ãã¯ãªã„ãªã¨æ€ã„ã¾ã™ãŒã€æ¥½ã—ã‹ã£ãŸã®ã§ã€ã¾ãŸæ¬¡å›ã‚‚ã‚„ã‚ŠãŸã„ã¨æ€ã„ã¾ã—ãŸã€‚,Kapalili Hawaii
23758298,"Memorable evening with excellent singing, dancing (hula and American styles) & delicious food in a historical venue! Where to start! We had such a wonderful time at the Liberty Luau. The hula dancers, singing, dancing, and food were all excellent! We felt so privileged to experience such high quality entertainment in a real original airplane hangar at Pearl Harbor. Prior to the entertainment, we were instantly greeted with Mai Tais, smiles and a hilarious man dressed up like General MacArthur. Everyone was dressed to the 9's in 1940's style. We even got to experience a real flight simulator; not recommended for the weak of stomach! Some of the staff of the aviation museum were there to answer questions about all of the historical displays and airplanes in the museum before the festivities began.  All of the people working the event were incredibly professional and friendly. The food was delicious and service attentive and personal. If you are looking for a high-end luau and also want to experience a real slice of Pearl Harbor's unique history, this experience is for you and not one you will likely forget! Plus, proceeds go towards the aviation museum (non-profit) which educates the public on the important history of this place.",Liberty Luau at Pearl Harbor
9776158,"Navy Marine Golf Course, Oahu, Hawaii. I've now played about a dozen games of golf at the US military course, Navy Marine Golf Course and have found that it's very well managed and a fabulous course on which to play golf.",Navy Marine Golf Course
9776158," Favorite!!! We have been playing Navy Marine for years and absolutely love it  very forgiving, beautifully manicured and well kept.  Fast greens. Not crazy about the turf on driving range and chipping area not close to range but this is not a big deal compared to the joy of playing this course.",Navy Marine Golf Course
9776158,Great golfing fun From Ohio. Golfing in Hawaii in January at a well manicured course. Superb greens. Moderately challenging. Great customer service. Not known for restaurant food. Sorry must be a veteran or guest of a veteran. So glad I had opportunity to golf here. I Will be back!!,Navy Marine Golf Course
132005,Nice quiet garden but skippable This was the only thing we could find worth doing in the Downtown area of Honolulu (avoid Chinatown as itâ€™s not a pleasant area!)It is a pleasant and quiet garden with a range of beautiful plants. There are mosquitoes so use plenty of mosquito repellant.By no means essential so skip this if short on time. We only did it as weâ€™re in the area. Can spend as little as 15 mins or as long as an hour depending on how leisurely you take it.,Foster Botanical Gardens
132005,Amazing place to visit near downtown - well worth a visit We were pleasantly surprised about how beautiful these gardens are!  We really enjoyed walking around and seeing all the old trees and beautiful sights.,Foster Botanical Gardens
132005,Pretty cool trees  The botanical garden was nice! There are more plants/trees than flowers. A couple of the trees were huge and amazing. The bird watching was pretty cool! I think spending about an hour here is sufficient.,Foster Botanical Gardens
261239,"Interesting if in the area but skippable This is an interesting modern art museum featuring Hawaiian artists where the art focussed on the Hawaiian culture, geography and spirit. Some interesting political artwork and photographs highlighting Hawaiiâ€™s modern struggles, particularly against the USA. Staff are helpful and happy to answer questions about the art. Itâ€™s quite a small exhibit, we took around 45 mins to go round everything and we were taking our time. Skippable if youâ€™re short of time but if youâ€™re in the area worth dropping by (particularly as it is free). Very nearby to Iolani palace which is why we were in the area.",Hawaii State Art Museum
261239,"Good museum for a quick detour This is a great museum for a quick stop but it is rather small. The building is huge but most of it is still used as government offices. There are only 3 small galleries plus a small sculpture garden at present. When I went, the galleries were mainly about self determination of the Hawaiian people. It's very information if you enjoy learning about some history. Probably not the best place for young children. I was able to walk through the entire museum in approximately 35-40 minutes. No need to pay for the full two hours of street parking like I did. Good stop if you want to find something to do while waiting for another destination to open.",Hawaii State Art Museum
261239,"A must see! Beautiful museum. I was so impressed. I cannot believe we missed this on our previous trips to Hawaii. The tropical gardens surrounding it are stunning. I was surprised how many amazing artists were born in Hawaii or lived in Hawaii. Plenty of family friendly activities, so many photo opportunities, and a absolute must see. And there aren't even any admission fees!!!!",Hawaii State Art Museum
108472,"Largest Sheltered Body of Water Kane'ohe Bay stretches from the Mokapu Peninsula, home of the U.S. Marine Corps, and is Mokoli'i Island or Chinamenâ€™s Hat.  The bay is the largest sheltered body of water in the Hawaiian Islands and is home to the largest saltwater sandbar in the world. It is known for fishing, kayaking and boating.",Kane'ohe Bay
108472,Beautiful bay Worth a visit!  Absolutely beautiful - caution re swimming though as there are sharks at some times of the year,Kane'ohe Bay
108472,"GORGEOUS!!! Beautiful drivie or snorkle along Kaneohe Bay.  Be environmentally conscious of this glorious place, please.",Kane'ohe Bay
107578,"Nice gardens and lake near Waikiki Hoâ€™omaluhia Botanical Garden, Kaneohe, OahuAbout 30mins from Waikiki is Hoâ€™omaluhia Botanical Garden with Hawaiian and tropical plants and a man-made lake where large carp line the lake perimeter waiting to be fed. The gardens opens at 9am and entry is free. An online map displays the walking paths and facilities. Then you can drive to Manoa Falls on the way back to Waikiki.#HoomaluhiaBotanicalGarden",Hoomaluhia Botanical Gardens
107578,"Huge botanical garden This is a HUGE, free botanical garden. If you like plants, please go. This is really big, and I would advise you to go by car so you can walk in between sections more easily and stop whenever you want or go prepared to walk a bit. This is really pretty and amazing place to go.",Hoomaluhia Botanical Gardens
107578,Peaceful and relaxing. This is a well cared for botanical garden. Several sections representing flora from all over the world. Easy drive to each. Nice short walks. I enjoyed sitting in the middle of a section just listening to the birds. Hardly anyone there. Wish I was there now.,Hoomaluhia Botanical Gardens
23753650,"Amazing and Beautiful Area To Hike Our family went for a hike at Keaiwa Heiau State Recreation Area and it was beautiful.  It is such a lovely place to spend time with some wonderful views along the way.  We are a pretty fit family so this took us about 1 1/2 hrs but we had heard from elsewhere online it took some people 3 hours to hike.  I would say if you do the whole loop you do need some decent fitness.  We will definitely revisit this area to hike the next time we are in in O'ahu.  We loved the fact too that there was no charge for entrance into this state park and we were able to easily park.  We did this hike during summer and I would definitely recommend that you make sure you wear a hat, slap on some sunscreen, take water and some snacks.  (I was going to post some photos too but as I am the first one posting for the state recreation area I don't seem to be able to upload photos to show the beauty of this place).",Keaiwa Heiau State Recreation Area
12785515,Hidden Gem Without question this is a hidden gem. There is a walking path to beach access with very few people around 6:30am - 7:00am. The beach area was quiet and the morning sun and waves offered great pictures.  Worth stopping by if in the area.,Diamond Head Beach Park
12785515,"Surfers Delight Kuilei Cliffs Beach Park can be found near Diamond Head Lighthouse on Diamond Head Road.  It is sometimes referred to as Diamond Head Beach Park.  As you walk down the paved pathway, take note of the sea cliffs and narrow beach.  While the beach is not a good place to swim because it is rocky, it is an ideal place for surfers to enjoy the waves in a less crowded space.  There was a steady stream of men and women heading down with their surfboards. It was fun watching them surf. You can also enjoy a view of the lighthouse as you descend the pathway.  It will be on the right side.  Depending on the number of surfers, that is usually plenty of parking in the pullouts.",Diamond Head Beach Park
12785515,Peacefully beach ğŸŒŠğŸŒ¸ Gem beach walking from Waikiki which is very busy â€¦ this local surf beach is perfect if you want to have a sun bath .. with not people around ..very peacefully watching surfers ..,Diamond Head Beach Park
10270624,"Best lessons on the island! I had taken a few lessons on the island before but Polu Lani was the first time I felt really coached and comfortable surfing. John is one of the nicest, most aloha dudes Iâ€™ve met- made me feel safe, gave me constructive critiques, and helped me feel like I improved in just one session. I could not recommend Polu Lani surf school more, my only regret is that I didnâ€™t find them sooner. Very excited to take what I learn here out on the water!!",Polu Lani Surf Lessons & Adventures
10270624,Awesome experience Great experience with John. It was mine and my 17 year old daughterâ€™s first time surfing. She got up the first time and every time after that! It took me a couple times. Johnâ€™s instruction made it easy and we loved surfing. The waves were perfect for beginners. It was one of the big highlights of our trip.,Polu Lani Surf Lessons & Adventures
10270624,Great experience! Would totally come back! Great experience! John is very knowledgeable and patient. Both myself and 17 year old daughter got up on the first try. It was everything you'd hope your first surfing experience would be; safe and fun!Had a few questions before booking and John was easy to reach and quick to reply. Got a late start on the day of the lesson but John totally made up for it with an epic video of my daughter surfing and taking her out again with the next lesson.  The meet up area is easy to find and parking is pretty easy and free.I highly recommend John and his company. He'll get you up surfing guaranteed.,Polu Lani Surf Lessons & Adventures
7220868,"Four months after a canceled trip and still no refund Don't use this company! I understand that the pandemic has affected everyone, especially travel companies, but this place is worthless. I had booked the Complete Pearl Harbor Tour for 4 adults ($600) for our trip in late April 2020. We canceled our trip in mid-March, and I immediately contacted the company. I repeatedly was told to please be patient, my refund would come. It's July 18, and I *STILL* don't have a refund. The company never made any effort to reach out to me during this time. I even went through the credit card company to dispute the charge, but because Royal Hawaiian Limousines uses some kind of shell website to process reservations and credit card charges, I'm still out $600.",Royal Hawaiian Limousine Tours
7220868,"Royal Hawaiian Limo, Woo Hoo... Jonathon our driver was a wealth of info as he grew up in Hawaii but also was famalir with our roots long island as his father migrated fron Long isalnd to Hawaii.That was cool as he made me feel at home on the Island. Great Ground service Tranportaion. Nice clean passenger Van.Free bottlr of water included.We went to Pearl Harbor.Great communacations for pick up. Easy Pick up after event. Good narrative  driving thru Wikiki,Pounch Bowl, Seeing The Fin of diamond point on the Freeway. Thank you Hawaiian Royal Limo.",Royal Hawaiian Limousine Tours
7220868,Excellent Tour but.... Excellent serivice on front end and with pick up and to the Arizona. Antonio was a little hard to understnd but friendly. Very helpful but see below on where he fell short. We were picked up at airport and expected to be taken back at end of tour but were told that we could not have complete tour by Antonio unless we we were left at a hotel at the end (insurance regulations). We eneded up making our own arrangements to get to airport from hotel area.Did not do this on our tour plus dropped us off downtown at hotel instead of back at airportDrive through Chinatown - did not do!Photo stop at King Kamehameha Statue -did not do!,Royal Hawaiian Limousine Tours
15748627,"Unforgettable Nador is, quite simply, an incredible guide. Heâ€™s an expert when it comes to the mountains on Oahu and knows the best places to take his clients. With Nandorâ€™s guidance, I was able to do a lot of trails that I would have hesitated to attempt without professional guidance. The rewards were immense. I was able to see and view unforgettable peaks and valleys of Oahu. All the more, Nandor is just a great guy. Heâ€™s a pleasure to spend a day with. I canâ€™t recommend Nandor enough. Finally, heâ€™s also very reasonably priced (and frankly could get away with charging quite a bit more).",Hungaro Explorer
15748627,"Best Adventure Tour Service in Oahu, Love Love Love it!!! Hungaro Explorer guided me for an early morning hike to the crouching lion to see sunrise. It was a truly epic experience that I will never forget. Nandor is professional, encouraging and helpful throughout the hike, making it a fun and safe for us to enjoy. He took many amazing photos of the scenery and I felt like a super hero being artistically portrayed in the vast nature. Iâ€™m very grateful for the superb travel experience on my familyâ€™s holiday vacation. This is the best touring service I could hope for and Iâ€™d recommend to all my friends and family who will be visiting Oahu!",Hungaro Explorer
15748627,"Awsome hike My 21-year-old son and I had a great time with Nandor, and we highly recommend him. We hiked/climbed all three peaks of the Olomana 3 peaks trail. We would not have attempted this hike without an experienced guide. Nandor was with us each step of the way making sure we were safe especially during the second and third peaks when things got much more technical and dangerous. I will definitely use Nandor's services again next time we're in Oahu. He's also a great person by the way.",Hungaro Explorer
10020622,"Emotional eperience    We went on our last night to the Memorial Day Lantern Floating. There were thousands of people there and we were standing near the stage. Even though the speaker diidnâ€™t speak English, you could feel the respectful tone in  her speech. Seeing all those lit lanterns on the water was an emotional experience and so glad we went.",Lantern Floating Hawaii
10020622,"A truly beautiful and moving experience I have wanted to attend the Lantern Floating Ceremony held each year on Memorial Day for a number of years and finally got there this year.  It is a beautiful experience where people float lanterns at sunset with messages for loved ones (including pets) who they have lost.The ceremony has evolved from being about remembering veterans to remembering anyone weâ€™ve lost.It would be great to see the English translation in real time so that everyone can understand some of the key messages in the speech as you watch.""Many rivers, one ocean""  Shinnyo-en is about kindness, gratitude and warmth in our everyday lives!Around 50k people attended so it was busy but easy to get there - I walked there and back from Waikiki Beach which took around 30 minutes each way.I would definitely attend again.",Lantern Floating Hawaii
10020622,"Very pretty Great local transport there a back. Very crowded but well worth a look, very pretty. Only downside was where we were standing we couldnâ€™t see the translation of the non English speakers.",Lantern Floating Hawaii
10514143,"Bring Your ID What is confusing to the visitor is the number of times the name of a beach changes. Ewa (Kapilina) Beach on Iroquois Point in a secured community.  However, Hawaiiâ€™s public beach access law makes it illegal to prohibit beach access.  When you arrive at the gate, simply tell the guard you are going to the beach.  The guard checks your driverâ€™s license and makes note of your license plate number and then you can enjoy Kapilina Beach.  The sand is full of pebbles and the sunset we saw was just okay. Dogs are allowed on this beach.  There was live music and a food venue called Dâ€™Lish at the Beach (food was lousy). There are picnic tables with shades scattered throughout.  Only residents are allowed to use the sunshades on the beach itself.  However, restrooms and showers are available to all.  The beach has been known as Pu'uloa Beach, formerly Iroquois Point Beach, and Ewa Beach. I did enjoy the live music which I think is available only on weekends.",Ewa Beach
10514143,Beautiful Amazing beach with beautiful scenic view of Diamond Head and Honolulu.  We sit on the beach watch airplanes and fighter jets land and take off.,Ewa Beach
10514143,Not for Swimming during winter months Very nice beach but this is not a swimming beach in the winter months. Majority of leeward beaches I am afraid are just like this one. The Next Time; I would go to windward side for better beaches such as Waimanalo - Lanikai -Kailua beach.,Ewa Beach
4108044,"AWESOME COOL! My husband brought two of his friends, leaving our house at 4 am. to the pier  They got there in time to see fish being unloaded from the fishing vessels by crane.  To see the auction, the only one from Maine to Japan, with buyers from local restaurants and as far away as Japan was exciting!  Samples of the fish were available for buyers to feel.  It wasn't clear what the buyers were looking for but two identical fish could sell for a big difference.  The guys wished they could have or buy the cut samples but for hygenic reasons they were tossed out.  One of his friends, an avid Alaskan fisherman, thought this was the highlight of his trip!  Be sure to dress warmly.  One only wore shorts and had to go outside frequently to warm up.",Honolulu Fish Auction
4108044,What cool place! Been a fisherman all my life and to experience a live auction with many species I have not seen up close was great. The variety of fish was spectacular. I loved the color on the Opah-Moonfish. So bright and beautiful. Of course it is cold inside so be prepared. Outside you can see the boats as they prepare to offload and prepping for the next trip. I highly recommend doing this during your stay on the island. You will enjoy it!,Honolulu Fish Auction
4108044,"Great 2 hr tour of fish industry We reserved online $25/each, arrived 0545 to see the fishing boats arriving, heaving off massive ahi, plus ono, opah, marlin, and others. We were issued headsets so there was no problem hearing. The guide explained the history and the process, the grueling work and the finance aspects. These are long line boats that go out for 3 weeks at a time, putting out 30 miles of line with 2500 baits daily. The large fish, mostly tuna, sell in the refrigerated auction warehouse in a fast-paced moving process, usually $1000-2000/each. They are inspected and judged on several aspects, with the goal of creating the best sushimi-grade sushi for the finest restaurants locally and beyond. Fascinating, unique, chance of a lifetime tour not to miss. You need closed-toed shoes and jacket.",Honolulu Fish Auction
23105804,"A Crafter's Wonderland A chockful craft store. If you do any sort of crafting, stop in as you will find items unique to it. Hawaiiana items as well as plenty of stock for every sort of craft.",Housemart Ben Franklin Crafts
9764071,"Memorial statue of Queen Kapi'olani Nice statue placed in a park named after this historically significant Queen in Hawaii's history.  There are lots of Statues showing nice Art, culture, and history all along the Waikiki beach. She was the queen of the Kingdom of HawaiÊ»i  and did a lot to help the health and welfare of Hawaiians who still revere her.",Queen Kapiolani Statue
9764071,"Homage to Hawaiiâ€™s Philanthropist Queen Standing near the entrance of Kapiolani Park and facing the ocean is a statue of Queen Kapiolani, wife of King David KalÄkaua. The exact address is 2686 Kalakaua Ave., Honolulu.Queen Kapiolani established the Kapiolani Maternity Home, now the Kapiolani Medical Center for Women and Children. In 1885, she also opened up the Kapiolani Home for Girls, which was for healthy children whose parents were suffering from leprosy.Evidently, she cared a great deal for her people.",Queen Kapiolani Statue
9764071,Last monarch The statue of Queen Liliuokalani is located in the grounds of Iolani Palace. The statue commemorates Hawaii's last monarch who took the throne in 1891 and only two years later was deposed by the committee of safety and overthrown.,Queen Kapiolani Statue
2540047,Incredible Tour on the Island What an amazing tour.    Got a lift in the Beaver around the island with Pat McGee.  Pat is a legend in the seaplane world.  Final leg was flying the route the Japanese fly as they attacked Pearl.   Great tour with a great pilot at the helm.,Island Seaplane Service
2540047,"Fantastic Flight over Hawaii It was the most wonderful experience flying with Pat Magie, who is nice and humble about his achievements. He has flown accident free for decades and has the world record for the number of seaplane flying hours. Thank you Pat for this experience, Wish you all the best if you still in Hawaii or even if you have headed back to Alaska.",Island Seaplane Service
2540047,"Go by land, then by air! Great air tour of the island!  We went up the coast of Waikiki, around the edge, and then North a bit.  Then we flew through a mountain range (spectacular!) and over Pearl Harbor...the highlight of the trip for sure.  I would highly recommend doing a land tour first.  (See my review on Aloha Circle Island Tours).  We were able to identify our stops and sites by air that we had seen first by land...really cool!",Island Seaplane Service
8761346,"Check the local events listings We were here for the 2018 Ukulele Festival.This is an outdoor open air venue with benches, some benches in the shade but many exposed to the heat of the day... if the event is short, it may not be a problem, but for events that are hours in length, you should use this to help decide on where you sit.Check local events listings to determine if anything at bandstand is of interest.Seating is first come first served and the events are usually free and open to the public...",Waikiki Bandstand
8761346,Free entertainment There are a lot of cultural events which take place here at various times throughout the year. We attended the songkran festival with Thai dancing and music. There were food booths featuring Thai cuisine with authentic and reasonably priced foods.The bandstand has a large amount of benches some under the shade of huge trees.Also people take their food and have a pucnic on the surrounding grassy area.Take any bus going toward Diamond head and you will be very close to this spot.There is parking but very difficult to get a space.Lei day will be coming up on May the first.,Waikiki Bandstand
8761346,"Busy withlocal events Attended May 1st , 90th annual Lei day festival.  Royal Hawaiian Band entertained us to start the local festivities. Great shady locations with many park bench's. Check the calendar with the tourist info and you may experience a local tradition of some kind.",Waikiki Bandstand
10020619,"Pro Bowl - WOW! Took wifey & my 16 & 17 teenage son & daughter. They basically showed very little interest in going to the game, but I managed to get 4 tickets on the halfway line 4 rows back for $195 each. Today my wife & daughter are still raving on about the spectacle, all the dancers, singers, bands, entertainers, & of course the tribute to the US armed forces.  The one thing we will never forget is how patriotic the US people are to their armed forces - unbelievable!  As for the football game a very exciting & high scoring one & we were right in the thick of the action, so close to the players on the bench.  If you ever get a chance to see the Pro Bowl in the Aloha Stadium don't miss out, as it is worth every cent you pay for 5 plus hours of non stop entertainment.",Pro Bowl
10020619,NFLã®ã‚ªãƒ¼ãƒ«ã‚¹ã‚¿ãƒ¼ã‚²ãƒ¼ãƒ  NFLã®ã‚ªãƒ¼ãƒ«ã‚¹ã‚¿ãƒ¼ã‚²ãƒ¼ãƒ ãŒã€ã‚¢ãƒ­ãƒã‚¹ã‚¿ã‚¸ã‚¢ãƒ ã§æ¯å¹´é–‹å‚¬ã•ã‚Œã¾ã™ã€‚probowlã¯æœ‰åã§ã™ãŒã€ã‚¤ãƒã‚¤ãƒäººæ°—ãŒãªã„ã®ã‹ã€çµæ§‹ãƒã‚±ãƒƒãƒˆã¯ç°¡å˜ã«æ‰‹ã«å…¥ã‚Šã¾ã™ã€‚æ—¥æœ¬ã‹ã‚‰è¿‘ã„ãƒãƒ¯ã‚¤ã§è¡Œã‚ã‚Œã‚‹ã®ã§ã€çš†ã•ã‚“ã‚‚æ˜¯éè¡Œã‹ã‚ŒãŸã‚‰è‰¯ã„ã¨æ€ã„ã¾ã™ã€‚,Pro Bowl
19466527,"Nice park for a stop over, when walking to Diamond Head Crater LÄ“'ahi Beach Park, OahuIf you follow the coastline from Waikiki Beach towards Diamond Head Lighthouse, you come to MÄkÄlei Beach Park (really nice secluded beach), then you can follow a short boardwalk to LÄ“'ahi Beach Park. It doesnâ€™t have a beach as such but a nice park to enjoy while you continue to the Lighthouse and beyond.#LeahiBeachPark",Leahi Beach Park
19466527,Oceanfront Park with views of Diamond Head Crater Nice grassy park overlooking the water. There are views of Diamond Head Crater from this Park. It has plenty of shade under the trees and the grass is thick and lush. It's a nice spot to rest when walking back to Waikiki from Diamond Head. The water nearby doesn't look safe for swimming as the water comes right up to the sea wall.,Leahi Beach Park
8875926,"Nice private beach 30mins walk from Waikiki Beach MÄkÄlei Beach Park, Diamond Head, Oahu HawaiiNear Diamond Head Lighthouse is a nice small and private beach about a 30min walk from Outrigger Waikiki if you follow the coastline towards Diamond Head Lighthouse. Good snorkelling spot or just a swim. The park next to the beach offers welcome shade when you want to get out of the sun.#MÄkÄleiBeachPark",Makalei Beach Park
8875926,"Great spot for lunch, snorkel or fish Just a short walk from Waikiki this place has a little sand beach and lots of reef great for fishing, snorkeling or a simple lunch.",Makalei Beach Park
8875926,"A way to get away from the hustle and bustle of Waikiki Makalei Beach Park is small and may well disappear during some tides, but it's an oasis of calm compared to the beaches in Waikiki.  It's buried in a residential neighborhood (worth looking at also).  It's a bit of a walk from Waikiki, but well worth it.",Makalei Beach Park
4028433,"Poor Customer Service/Lack of Courtesy I feel the need to speak up and provide feedback based on the service that I received.  My family travels often and have booked many tours and activities.  This is the first time I have received such a bad customer service experience, dealing with Darren.  I made a jet ski reservation last month for my family of 5 while we were on vacation.  We were charged for the service upfront so it was a lot of money  that we had to pay.  Unfortunately, due to some unexpected issues on the day of the appointment, we were late for the appointment.  I was told that the entire day was all booked up so we could not reschedule. While I was still in Oahu, I texted and also left a voicemail for Darren; asking if I can get a credit to use in the future.  I did not receive a response back.  When I returned home, I attempted to reach out again with an email explaining what happened on the day, with the details of the issues that I ran into.   Again, I waited and never heard back.  This is unprofessional and unacceptable, failure to return calls/emails will drive customers away.  I would not recommend Aloha Jet Ski and no longer want to deal with this business.",Aloha Jet Ski Rentals
4028433,Great family experience! The entire experience was great! Jet ski was fast and fun. Ride time was generous. Darrin was easy going and thorough. Photo package was the icing on the cake. Highly recommended!,Aloha Jet Ski Rentals
4028433,"Super fun experience! We loved our experience with Aloha Jet Ski! Darren, our guide, was so much fun and super easy going. He also took some great pictures of us while we rode around! Definitely recommend to both tourists and locals!",Aloha Jet Ski Rentals
4271359,"Complete disappointment We paid for the ""Complete Experience"" and were completely disappointed with what was received. Promised was a tour of 12 people or less, but we were 20+ crammed into a single van. The tour was supposed to last 10 hours but ours ended in less than 6. It appeared we were deposited wherever convenient for the guide, lots of time wasted waiting, little in the way of any guidance.",Pearl Harbor Tours
4271359,"Donâ€™t use trip advisor! While in Hawaii, I scheduled tour with trip advisor. Followed there directions for obtaining tickets to Pearl Harbor. When we got to shuttle location driver wouldnâ€™t let us on shuttle as our name wasnâ€™t on list. He checked with office and said that our tickets werenâ€™t purchased through trip advisor even though we followed their directions to obtain online. We were then out the transportation to Pearl Harbor on shuttle.  We have been trying to get refund, still nothing refunded.  This was handled very poorly by trip advisor.",Pearl Harbor Tours
4271359,"Pearl Harbor Experience Having a tour guide at Pearl Harbor saved us time and we didnâ€™t have to wait in any lines. Our tour guide Will was very informative, funny, and went above and beyond to help our family.",Pearl Harbor Tours
1873443,"Fabulous hike in central Oahuâ€¦ Through the AllTrails App, I learned of this beautiful and shaded hike in central Oahu. It was not too far from the airport or the Waikiki area. But it did require a car to get there. It is an ideal hike to avoid an awful sunburn, and it can also be used for trail running.",Aiea Loop Trail
1873443,"Awesome hike,  great for geocaching My wife and I both agree, this was our favorite hike, of a half dozen we took, on Oahu during our trip there last week.  Lots of super cool views,  vegetation, and rock formations.   The hike is long, and a little bit strenuous in parts.  But, well worth it.  Plenty of birds (including may chickens) and other animals too.  Special note for Geocachers.  For Geocaching, this is a must do hike.  Many great geocaches, including the oldest Hawaiian cache on this trail.   Not a Geocacher?   ready up about it and start here,  some very very nice caches to find.  Would be fun for kids and adults alike.   One note,  I suggest wearing hiking boots are very good shoes for hiking.  I used hiking poles too, and found them beneficial.",Aiea Loop Trail
1873443,"Pleasant morning Drive through a long way of residential area wondering how you could possibly arrive at a natural destination worthy of a 5 mile hike in nature when viola! You arrive at a very pretty park that feels like you are miles away from civilization.  The most important note (at least to me) is that you don't want to park at the first few parking lots if your destination is the loop trail.  Drive in, past a few parking lots, past the camprground, up a steep hill where you will see a restroom building, parking and a sign for the loop trail.  The road is one way so don't also accidentally pass the last area of parking and have to come around again :)   We arrived pretty early after the park opened, by the time we returned from our hike the parking area was quite full so you might want to plan accordingly.  The hike is pretty easy as it follows a ridge line and is shady for most of it.  There is a slight incline or decline depnding on direction but quite manageable.  If you go the direction starting behind the restroom building and where the plaque explaining the WWII plan that crashed here, you will have a steep portion to come up at the end but it only takes maybe 10 minutes.Lots of places to stop for views, but additionally, it's a just nice respite from the hustle and bustle of the island.  There are plenty of picnic areas so you could certainly extend your stay at the park.It was dry while we were there but for sure if it is wet or raining this trail could be treacherous (as one reveiwer noted, but that's not a reflection of the trail, just luck).  Good sneakers or hiking shoes will work otherwise, although we did see some in various sandals.  I think I'd recomend going the reverse direction.  Start on the steep portion which you will pass first a little ways down the hill form the sign and restroom at top.  As I recall the trail came out in a camping area near a different restroom you can see from the road.  This will allow you to descend the steepest portion and also descend a little on the last leg.  We saw people going both directions.",Aiea Loop Trail
8555919,"Provided 20-Minutes of Service Remnants of the USS Utah can be seen off Ford Island.  It sank and rolled over when it was hit with torpedoes at the beginning of the Pearl Harbor attack.  Sixty-two  crew members were killed, most of whom were trapped when the shipped rolled over.  An attempt to salvage the wreck failed.  Of note, the Utah service in the war was about 15 minutes.  A memorial to the remains of the Utah is at Pearl Harbor. Although once a battleship, the Utah was not classified as a battleship during the Pearl Harbor attack.  The shipâ€™s contribution to the Pacific Fleet that it deflected torpedo hits at other US warships.",USS Utah Memorial
8555919,"History Ford Island Historical trail field with history, take it. USS Utah Memorial will be on your way. Sad history of the past is wisdom to the present. Remember them! Touches your inner soul. Definatly a must stop. Respect!",USS Utah Memorial
8555919,"Go if you can Since you need an ID to get here, it doesn't get a lot of traffic.  We went to pay our respects to these who died in service to our country.",USS Utah Memorial
24047614,ãƒãƒ¯ã‚¤ã®æ­´å²ã¨æ–‡åŒ–ã‚’æ—¥æœ¬èªã§æ¡ˆå†…ã—ã¦ãã‚Œã‚‹ãƒ„ã‚¢ãƒ¼ ãƒ¯ã‚¤ã‚­ã‚­ã¨ãƒ€ã‚¦ãƒ³ã‚¿ã‚¦ãƒ³ã‚’æ­©ããªãŒã‚‰æ—¥æœ¬èªã§æ¡ˆå†…ã—ã¦ãã‚Œã‚‹ãƒ„ã‚¢ãƒ¼ã§ã™ã€‚æœ€è¿‘ã§ã¯ã€Œwebã‚»ãƒŸãƒŠãƒ¼ã€ã¨ã—ã¦ã€ãƒªãƒ¢ãƒ¼ãƒˆã§æ¡ˆå†…ã—ã¦ãã‚Œã‚‹ã‚»ãƒŸãƒŠãƒ¼ã‚‚é–‹å‚¬ã—ã¦ã„ã¾ã™ã€‚ä¸»å®°è€…ã¯ç¾åœ°ã®æ–¹ã¨çµå©šã—ãŸæ—¥æœ¬äººã®å¥³æ€§ãªã®ã§ã€å½“ç„¶ã®ã“ã¨ã§ã™ãŒã™ã¹ã¦æ—¥æœ¬èªã§ã®æ¡ˆå†…ã§ã™ã€‚ãƒªã‚¢ãƒ«ã§ã®ãƒ„ã‚¢ãƒ¼ã¯ãƒ¯ã‚¤ã‚­ã‚­ãŒï¼’ã‚³ãƒ¼ã‚¹ã€ãƒ€ã‚¦ãƒ³ã‚¿ã‚¦ãƒ³ãŒï¼‘ã‚³ãƒ¼ã‚¹è¨­å®šã•ã‚Œã¦ã„ã¾ã™ã€‚ãƒãƒ¯ã‚¤ã®æ­´å²ã‚’ã¨ã¦ã‚‚è©³ã—ãèª¬æ˜ã—ã¦ãã‚Œã‚‹ã®ã§ã€ãƒãƒ¯ã‚¤åˆå¿ƒè€…ã¯ã‚‚ã¡ã‚ã‚“ã€ãƒãƒ¯ã‚¤ã‚’ä½•åº¦ã‹è¨ªå•ã—ãŸæ–¹ã‚‚ã¨ã¦ã‚‚æ–°é®®ãªçŸ¥è­˜ã‚’å¾—ã‚‹ã“ã¨ãŒã§ãã¾ã™ã€‚æ™‚ã€…ã€ã‚¯ã‚¤ã‚ºã‚’ã—ãªãŒã‚‰ãªã®ã§ã€ã¨ã¦ã‚‚ãƒªãƒ©ãƒƒã‚¯ã‚¹ã—ãªãŒã‚‰æ™‚é–“ã‚’éã”ã›ã¾ã™ã€‚æ–™é‡‘ã¯25ãƒ‰ãƒ«ã§ã™ã€‚webã‚»ãƒŸãƒŠãƒ¼ã¯æ—¥æœ¬ã«ã„ãªãŒã‚‰ãƒãƒ¯ã‚¤ã®ç¾åœ°ã‚’ãƒªãƒ¢ãƒ¼ãƒˆã§ã¤ãªããªãŒã‚‰ã€ãƒ†ãƒ¼ãƒã‚’è¨­å®šã—ã¦è§£èª¬ã—ã¦ãã‚Œã¾ã™ã€‚ç¾åœ¨ã§ã¯ã€ãƒ€ãƒ‹ã‚¨ãƒ«ãƒ»Kãƒ»ã‚¤ãƒã‚¦ã‚¨ç©ºæ¸¯ï¼ˆãƒ›ãƒãƒ«ãƒ«ç©ºæ¸¯ï¼‰ã®æ­´å²ã€ãƒãƒ¯ã‚¤ã®é£Ÿæ–‡åŒ–ã€æ­´å²çš„ãªå»ºé€ ç‰©ã€ä¼çµ±çš„ãªæ¤ç‰©ã€ãƒãƒ¯ã‚¤ã¨æ—¥æœ¬ã¨ã®é–¢ä¿‚ãªã©ã€å…¨8ã‚³ãƒ¼ã‚¹ãŒè¨­å®šã•ã‚Œã¦ã„ã¾ã™ã€‚ã¨ã¦ã‚‚æ·±ã„çŸ¥è­˜ãŒæ‰‹è»½ã«æ¥½ã—ãèº«ã«ã¤ãã®ã§ã€æ–°å‹ã‚³ãƒ­ãƒŠã§ãƒãƒ¯ã‚¤ã«ãªã‹ãªã‹è¡Œã‘ãªã„ã“ã®æ™‚æœŸã«ã¯ç‰¹ã«é‡å®ã§ãã‚‹ã¨æ€ã„ã¾ã™ã€‚æ–™é‡‘ã¯15ãƒ‰ãƒ«ã§ã™ãŒã€å‰²å¼•ã‚‚ã‚ã‚‹ã‚ˆã†ã§ã™ã€‚ã¨ã¦ã‚‚å†…å®¹ã®è³ªãŒé«˜ã„ãƒ„ã‚¢ãƒ¼ãªã®ã§ãŠå‹§ã‚ã§ã™ï¼ï¼,Downtown Waikiki Historical Highway Tour
3954259,"Huge, Huge, Huge Incredible place to have fun! You can walk for ever and still not see it all!! Tons of goodies for all ages and stages. One of the best around. Be sure to have sunscreen handy. People start gathering very early too! We loved the fun of being ğŸ˜œâ¤ï¸ğŸ¾ğŸ– Silly ğŸ™ƒğŸ„â€â™€ï¸ğŸ˜‡",Aloha Stadium
3954259,Great Venue & super staff Attended a football game Hawaii v San Jose State. Parking at the venue was great & we enjoyed the food at the pop up stalls. Lots of helpful staff greeting & guiding us to our seats. The bands & entertainment along with the actual game were fantastic. We are on vacation from Ireland & thoroughly enjoyed the spectacle.,Aloha Stadium
3954259,"Awesome parking, easy access and fun times... Getting in early and finding parking/tailgating spot is a great way to start your day at the Aloha Stadium and the flee market on Wednesday and Sunday (Check the listings to be sure it's not rescheduled for events?) is a lot of fun too!",Aloha Stadium
1238132,"Wonderful Park With or Without Children  took my 3-year-old grandson to the park to play with his ball. The grass area is huge and well manicured. We had plenty of room to play. Polite Japanese tourists dropped by on buses to get their picture taken in front of the ""Hitachi Tree"" (a large monkeypod that was featured in a Hitachi commercial in Japan). A group of pre-schoolers stopped by for lunch under the tree and bothered no one. A wedding took place at another tree at the other end of the park. Wooden benches under trees provided shade. A large pond of ducks entertained. Delicious Ono Pops completed our morning. Public restrooms are old but clean.",Moanalua Gardens
1238132,"Beautifully maintained royal summer home Home of the famous Hitachi tree, a beautifully shaped and huge Monkey Pod tree.  Royal residence not currently open (refurbishment underway).  Grounds are beautiful and well maintained; do not be surprised if a wedding is taking place on the grounds",Moanalua Gardens
1238132,"Great place to go!! Relax and having fan, please enjoy to get nature dynamics. Only staying you are enough satisfied. Thanks!!",Moanalua Gardens
7122057,"Excellent Day Out We were collected from our Hotel in a wonderful comfortable bus with a very knowledgeable driver. We were given lots of information along the way to and from Pearl Harbour. We had my 81 year old mother with us and she thoroughly enjoyed the whole tour. We were also taken back to our hotel, this is a very good option to look for when taking tours. We totally recommend this company for any tours.",Pearl Harbor Website - Day Tours
7122057,"Pearl Harbor & Honolulu City Tour Eddie, our tour guide, was absolutely terrific.  I would definitely recommend this tour company.  They allow more than enough time at the Pearl Harbor site and then finish off with a mostly driving tour of Honolulu.  Eddie was very knowledgeable and entertaining throughout the tour.  This is an easy tour if you are travelling with seniors.",Pearl Harbor Website - Day Tours
7122057,"Complete Pearl Harbor Experience First, if you find this helpful please also give reviews. It is a habit I myself am trying to set.This is our second time using this service, the first time a couple years ago. This is a great service if youâ€™re on Waikiki and donâ€™t readily have transportation to/from Pearl Harbor. The first time we took this tour, we were a little leery, but the second time was like â€œold hat.â€ We were especially happy with our driver, Tom. He had a great since of humor and very knowledgeable. We opted to spend the entire day and Pearl Harbor and purchased the Complete Pearl Harbor Experience. Which was a lot! The one plus to this service is that you have transportation handled, and they take care of all of the logistics around getting your tickets to the things in your package. Once you arrive at Pearl Harbor, they assist with orienting you to the site and then get your tickets and give you any instructions and tips you might need. Tom gave us a great tour of the city, including some of the tremendous art and the Punch Bowl. One recommendation is that they add an option to get out at the punch bowl for 10-15 minutes rather than driving through. Maybe Iâ€™m in the minority, but paying oneâ€™s respects here might be nice.A couple things to note to first timers: -This is not a fully guided tour. They are there for orient you and get you going. If you want a guided tour (with a person, not a headset), you may need to take a couple more steps. -This tour doesnâ€™t include your headset for the main museum site. Youâ€™ll need to purchase this separately for a nominal cost.-If you do the Bowfin, the tour will include a headset for this tour. The are not the same.-Be respectful. Watching folks around me for a second trip to Pearl Harbor, I think people may be disrespectful and not realize it. If the Memorial is open, remove your hats and be respectful and quiet from the time you step off the boat until you get back on. If the Memorial isnâ€™t open, remove your hats and bow your head when passing. If respecting this space and getting a few less photos is the cost, then so be it. This is holy ground. -Spend the extra few bucks and go out to the Missouri. There is nothing like standing looking out from her over the harbor, and to stand where WWII ended. Itâ€™s worth it.-No, you canâ€™t bring food and drinks with you on the bus.-No, you canâ€™t bring bags. All of the notes and warnings about this arenâ€™t being hyperbolic. They mean it! No bags means no bags. There is minimal storage outside the gates, but unless you have a medical condition, leave them at your hotel. The guards at PH arenâ€™t necessarily nice about enforcing this rule. -Tip your driver!Finally, a shout out to the booking agent who helped me change the date when I accidentally booked the wrong date online. You saved my tail!Date: 2/18/19Package: Complete Pearl Harbor Experience",Pearl Harbor Website - Day Tours
13358083,"45min walk from Waikiki Diamond Head Lighthouse, OahuFrom Waikiki Beach, the Lighthouse is about a 45min (mainly coastal) walk with beautiful beaches and residences along the way. The lighthouse is visible from the street but no public access. Wear good walking shoes as the path towards Diamond Head is a little rocky.#DiamondHeadLighthouse#DiamondHeadCrater",Diamond Head Lighthouse
13358083,"Closed to the Public The Diamond Head Lighthouse is located on Diamond Head Road that encircles Diamond Head.  The lighthouse is not open to the public but is easily visible from both Diamond Head Road and near the Kuilei Cliffs Beach Park.  The white concrete structure stands 55-feet tall and has a red roof.  Originally built in 1899 and rebuilt in 1917 due to cracks, the place serves as the home for the commander of the 14th coast guard district. I did some research and found that large bonfires were used to guide mariners ashore.  Lighthouses were built on Oahu after shipwreck of two large ships in the 1800â€™s. The red light was visible for 17 nautical miles from the shoreline.",Diamond Head Lighthouse
13358083,Diamond Head lookout Clear day with sunshine and surf. Look out is incredible and free. You can hike down to beach and swim or surf! Downside there were not many open parking stall open.,Diamond Head Lighthouse
24154064,"See all of Pearl Harbor Ford Island Control Tower offers a different perspective of Pearl Harbor, the museum at the bottom has some antique fire extinguishes amongst items to see, but the view at the top is spectacular, the guide at the top knows some interesting stories. But overall the price for this experience should be reduced compared to what you have to pay for other places to visit at Pearl Harbor.",Ford Island Control Tower
17642016,Great looking statue... ...that sits outside the Kaneohe Courthouse.  It's a permanent exhibit that is part of a state sponsored art in public places series.  The statue has two fishermen - one holding a baby and one holding a paddle - that represent the the prosecution and defense in the judicial system according to what I read.  It's a pretty awesome looking statue in a kind of residential neighborhood and worth a look if you're in the area.,Mamalahoe Statue
15027272,Leads to the Kulanaâ€™Ahane Trail  This trail is really nothing special however at the end of the trail is the start of the Kulanaâ€™ahane trail which is amazing!! The Moanalua Valley Trail is mostly flat and ventures through tropical forest but kind of stops in the middle of nothing.,Moanalua Valley Trail
15027272,"Moanalua Valley Trail My wife and I ventured out for this hike from the Hilton Beach Resort in Waikiki. We used the city bus to get to the trail. Once we arrived, we began our hike, with the final destination being the water falls. Jumping off a water fall into a body of water was on my wifeâ€™s bucket list of things to do. The trail out to the waterfall was not an easy hike. The trail was muddy, uneven, with lots of different elevation. Once you arrive close to the falls, be prepared to get your shoes wet & dirty. You definitely need to wear some type of footwear, because the stream is very rocky. The climb up to the falls is not that difficult but the rocks are wet & very slippery. The water is very cold and refreshing. Bug spray would be a good thing to have with you and drinking water to keep hydrated. I would recommend this hike for people who are use to taking vigorous hikes. You will be well rewarded. For first time hikers, you can do this but know itâ€™s difficult. Mahalo ğŸ¤™",Moanalua Valley Trail
15027272,Enjoy! This is the great to see this tree as a Japanese.  Because we almost watch this tree by hitachi company commercial!,Moanalua Valley Trail
595643,"Great place for bargains Open Sat, Sun, and Wed.  Got lots of bargains by buying items there that were much cheaper than in Waikiki area.  Lots of dresses, bags, jewelry, coffee, macadema nuts, fruit, crafts, everything you can think of.  Local food trucks also there.  Great fun!  Go early it gets hot!",Aloha Stadium Swap Meet & Marketplace
595643,"Good for Souvenirs It was good for inexpensive souvenirs. I also appreciated that they give a military discount for admission. They did have food trucks but there weren't a lot, lines were long, and many were fair type of foods. It was very hot in the middle of the day! I would try to go earlier in the day.",Aloha Stadium Swap Meet & Marketplace
595643,Good for souvenirs Has lots of lovely things that you can buy for yourself such as photos for memories or gifts for friends. It is a good experience but wear a hat and take water.,Aloha Stadium Swap Meet & Marketplace
15555890,"We were not fans We did not have a great experience here. When we arrived as a group we all intended to shoot. But after watching the safety video and finding out we were pretty much left to our own devices, a few of us opted out. Instead of being offered a bit of assistance or anything, those that opted out were basically told we were wasting there time and we might as well just shoot if we are there. We told them we weren't comfortable being left with a firearm as we don't normally shoot and would prefer to watch - the staff did not seem impressed at all. The few that have been around firearms and proceeded to hire weapons, did not have the smoothest run. Not only did 2 of the 3 weapons continually jam and need staff to fix them (that gave those watching even more reason to stand by their decision to sit out) they found themselves wanting to not use the entire box of ammo, which apparently isn't an option either. All in all, not a great experience and we don't plan on going back here.",Xring Security and Firearms
15555890,"Awesome shooting range with helpful and friendly staff! X-Ring Security is an excellent place to shoot. Whether youâ€™re brand new to shooting (like myself) or a seasoned marksman, you will have a great time here. There is a wide assortment of rental guns or you can bring your own.The staff it what makes X-Ring special. They are so genuinely friendly and helpful. They all try to assist with your technique and give lots of praise. Itâ€™s a little off the beaten path, but definitely worth the trip. Highly recommended!",Xring Security and Firearms
15555890,"Excellent range - donâ€™t go anywhere else on Oahu!  Visited the range today and it was absolutely outstanding! Being from Australia we are restricted in options and this is perfect to get out and experience firearms if you havenâ€™t in safe but fun environment. The range is next to brand new and is great. There is plenty of selection for rental firearms, from .22 pistols right up to the classic Desert Eagle.The staff were excellent and friendly, and the prices are great. Donâ€™t bother going anywhere else, compared to ranges in Waikiki, Xring is 30 times more value for money.It is a drive from Waikiki but it is well worth it, and you will get value for money as well as a great time! Would highly recommend to anyone!",Xring Security and Firearms
1959861,"Not Really Farm to Table Some of the folks that come bring local papaya, bananas ğŸŒ while some products are simply supplied by same provider delivering to Safeway. The way better one is @ Blaisdell on Weds @ 4pm.",Manoa Marketplace Farmer's Market
1959861,"All Vegetables, all the time. I like the fact that this market, with their 3 or 4 vendors, Tue, Th and Sun sell fresh veggies, without all the prepared food vendors at different markets.    Reasonable prices... better than if you went to the market.   Starbucks, Peets, Safeway, post office all very close.",Manoa Marketplace Farmer's Market
1959861,"Friendly vendors & fresh produce! I always enjoy getting whether it's omy basil, mint, dill I always enjoy getting the freshest herbs, basil, mint, dill, and arugula for salads! Plus very authentic ready to warm up green or parang curries! Cuts down my prep time! Great value for what u spend!",Manoa Marketplace Farmer's Market
3940965,"Very Nice Park Very pretty park! We stopped here to picnic. It is very beautiful and worth visiting a few minutes. There are quite a few stray cats and roosters and chickens though. I had a few bird friends that I had to share my noodles with. They didn't have the best table manners, but they kept us entertained so it was a good time!",He'eia State Park
3940965,"Green Mountains and ocean, very picturesque Stopped at the marina at the park, He'eia Kea Boat Harbor, and it is a beautiful setting. Mountains covered in green and blue ocean.",He'eia State Park
3940965,Great time Kayaking to the Sandbar I had a great time taking my wife to the Kaneohe Sandbar. I rented the Kayaks from the Heeia State Park. Rebecca was very helpful with telling me my options for the rental and Andy was informative and cared about our safety telling us everything we needed to know while kayaking to and from the Sandbar  I had a great time and great experience!,He'eia State Park
105445,LOVED this opportunity!!! Last year we visited Pearl Harbor and this year we wanted to get over to the Missouri. I found a wonderful opportunity to give back all while being able to see this incredible vessel. We were able to volunteer aboard the ship and in turn we got to tour places not seen by the general public. Thank you to the amazing volunteers that lead this program and make it a reality.,Battleship Missouri Memorial
105445,"What a ship! To stand on the spot where the Japanese surrendered was incredible, what a journey this ship has had.",Battleship Missouri Memorial
105445,"Awesome experience! The interior was much larger than we expected! We had a great tour guide for the exterior, and he showed us the 9 massive guns on the ship!",Battleship Missouri Memorial
23475283,"Onlineeinkauf in Honolulu auf Hawaii Ich habe im Internet nach einer MÃ¶glichkeit gesucht Sachen wie z.B. MacadamianÃ¼sse direkt in Hawaii einkaufen zu kÃ¶nnen. Dadurch kam ich auf die Seite von ""The Hawaii Shop"" . Dort fand ich diese NÃ¼sse und bestellte sie mit Standardpaket. Man muss im voraus bezahlen. Zwischendurch nahm ich Ã¼ber die mail-Adresse Kontakt mit dem GeschÃ¤ft auf, um zu fragen, wie lange die Lieferung dauert. Sie kÃ¶nnen deutsch und nach 5 Wochen kam heute das PÃ¤ckchen an. Ausgeliefert wurde es durch die Postbotin, die auch gleich die ZollgebÃ¼hr von ca. 5,00 â‚¬ bei einem Warenwert von ca. 100,00 â‚¬ kassiert.Wenn jemand Hawaii mag und auch Dinge von dort, da kann ich diesen Onlinehandel sehr empfehlen. Ich werde ganz bestimmt wieder dort einkaufen, sollte ich nicht persÃ¶nlich nach Hawaii kommen.",The Hawaii Shop
7914964,"Hawaii, Monster! World Class Bonefish My wife and I planned a vacation to Hawaii to celebrate our 60th birthdays this year. 1 week on Oahu and another on the Big Island where we have a time share. Well it was time to see if there was something in Hawaii to check off my bucket list. As usual, I started researching the fishing opportunities available. Last time to the islands we did some deep sea fishing with success. Caught Mahi Mahi. Over the last couple years I have determined my true love for fishing is light tackle in-shore type such as for Red Fish, Snook, Tarpon etc. In my initial investigation I noticed article after article talking about 10 lb plus Bone Fish were a common reality in Hawaii and really that was the first time I have heard that. Usually when you talk Bones it's the Bahamas, Belize and the Keys. Since I have caught a number of tackle busting small Bonefish in Belize 3 lbs or so, I could only imagine what a 10 pounder would do! So I quickly looked up a couple guides on Oahu. I ended up booking with Captain Rick Lee from www.bonefishhawaii.com. I have to tell you that was one of the best decisions of my fishing life. I don't fly fish and Rick had no problem accommodating me using spinning gear and bonefish jigs. As we went out Rick seemed kinda excited about the spinning prospects since a lot of these bones get used to looking at flies most of the time. My wife joined us to enjoy the Hawaiian scenery from the waters perspective. After a quick run across the bay it wasn't long and Captain Rick was up on his platform looking down the flat and yelling Bone at 11 oâ€™clock, 60 feet. My knees were knocking, casted the jig, the Bonefish rushed up and rejected the offering. Well this went on for a few more times and I was getting frustrated with the way my gear was casting these light weight jigs so Rick set up one of his rigs for me and it performed much better. That's when it finally happened!, Rick yelled Big Fish 10 oâ€™clock cast 80 feet and reel so I can see the jig on top. I did what he said, I cast to 80 feet lifted my tip Rick said Reel!, Reel!, Reel!, and Stop. Soon as I stopped Rick yelled he's on it!, That's when the line went taught and the reel started screaming! Line just kept on stripping from the reel, I was carefully tightening down on the drag to try to slow this beast, after a 200 yard initial run and several other 100 yard runs the fish was at the side of the boat. A true 10 lb, beautiful, silver sided, with broad greenish shoulders Bonefish. My wife looked at me and said I have never seen you this excited to catch a fish, and I was. A long with that bone I had chances for others but missed but Captain Rick was excited to put me on another beautiful specimen a Golden Trevally which was a riot to catch it was also about 10lbs. Cool Fish. I can't say enough about Captain Rick, He was awesome and if you are a weekend fisherman or a pro you need to look Captain Rick up before you get to Oahu.Best Guide and Best investment in a guide I have ever made. Thanks Rickwww.bonefishhawaii.com",Bonefish Hawaii
104386,Very sombre and moving visit. We went with a guided tour and managed to visit all the areas including the USS Arizona Memorial. It is crowded but very well run.,USS Arizona Memorial
104386,What an honor! This is a must!  This allows you to be apart of history.   If you are able to attend.  It is worth the wait!,USS Arizona Memorial
104386,"Moving Our family of 14 spent the entire day there and did not have enough time.  It is very hard to get the tickets online, but we were able to get standby tickets and only had to stand in line two hours.  One person is able to stand in line while others walk around the grounds which helps a great deal.",USS Arizona Memorial
14187273,"Absolutely Amazing!!! Worth every penny! My wife and my mother-in-law did this for my wifeâ€™s birthday and we couldnâ€™t be happier. The videos and pictures came out beautifully. Paula, the photographer and snorkel instructor did an amazing job explaining how to use the suits and different poses for pictures. I would highly recommend using this company as well as requesting Paula as your instructor. We miss Hawaiâ€™i already!!!! Thanks again Paula!",Mermaid Republic
14187273,Mermaid snorkel My kids had fun but they barely snorkeled they had to wait because they were still busy with the group before us then the camera ran out of batteries and then were cut short donâ€™t know why time was not up yet.  I knew when we started that their tails were to small but the lady insisted that they were the right size.  Now when they try to wear them they are constantly pulling them up cause they fall up the thread is stretched out and they have only had them for a few weeks.  And for the price they should last longer.  Most of the video taken of them swimming underwater during this experience was of the ladyâ€™s legs who was taking the photos.  Hardly any of them.  Do not recommend this experience.  Find something else or buy the find yourself then you can get the right size without the worker saying no that is to big.  The smaller sizes do not fit good.,Mermaid Republic
14187273,Awesome ...  It was very fun and I learned a lot about marine life and I strongly recommend going.  From Annie. Alberto was very generous with his time. Recommend if you are accompanying someone but not doing the experience yourself take your swimmers as itâ€™s a lovely lagoon and pretty hot on the beach!!!,Mermaid Republic
10486557,"Great communication, friendly drivers, reliable and on time! Wonderful shuttle service for our party of 11 to and from airport and condo on Waikiki.  Booked the reservation several months before our trip, and company was always quick to respond to any of my emails, driver was friendly and on time picking us up from airport for arrival and from condo for departure to airport. Great communication, reliable, and friendly. Would definitely recommend.",King Airport Shuttle
10486557,"Great Airport Service King is reliable and very service-oriented. All bookings were confirmed in writing and the rates were announced ahead of time. They even picked us up at 4am for a very early departure. Mahalo,",King Airport Shuttle
10486557,"Punctual and friendly. Wonderful driver, Kea, was patiently waiting for us outside baggage claim.  He gave us friendly greeting to Honolulu.  Recommended restaurants on way to hotel.  Safe driver, clean van.  Happy to see him again for the return trip to the airport.   Kings Airport shuttle is punctual and recommended.",King Airport Shuttle
8444737,"ALL of the Stairway is CLOSED and ILLEGAL All access points are now allowed. Not even from Moanalua. Once you step foot on the Haiku stairs or the top landing point, you are trespassing. All access is closed to all activity on or near the stairway. Hikers are trespassing across multiple landowner properties and could face legal action from any of these private entities as well as the government. Even though it hasnâ€™t happened in the past doesnâ€™t mean it isnâ€™t happening now. More than a hundred $1,000 violations have been given out in the past month.",Moanalua Middle Ridge
8444737,"The ""Unprepared"" Accidental Hikers We were looking for a ""good"" hike to do. My daughter wanted to hike from the Hilton Hawaiian Village up to the top of Diamond Head. Nice, but a little vanilla. I challenged her to do something a little more challenging. We agreed on the Pali Puka Hike. Problem was we got confused with directions and ended up at the parking lot for the start of the Moanalua Valley Trail Hike. This hike is the ""legal"" way to gain access to the Stairway to Heaven (Otherwise know as the Haiku Stairs).We thought that the hike we were attempting (Paki Palu) was an easy 2.2 miles out and 2.2 miles back.  WRONG. We were there, so not realizing what lay before us, we started the hike. Very little water, no food, a little candy, cameras and fortunately GOOD hiking boots. (Note - If you do this trail, the whole thing is 10-12 miles in length, start no later than 0830 am, have plenty of water, food, good boots and gloves for climbing the last sections). The first 2.8 miles is a nice little hike, ANYONE can do it. At the 2.8 mile point you come to a fork in the road, go LEFT. Do NOT go right like we did initially. We went 30 minutes the wrong way, had to double back, this ate up a lot of our daylight.Once back at the sign, we went left and immediately all hell breaks loose. The entire climb ascends some 2,600', most of it after the split at 2.8 miles. If it's muddy, it's really tough. Intermittent cloud cover, and rain makes its even more challenging. Since we started out so late, we did not see any other people until we were well into the hike and they were returning. Most being successful, a few tapped out at the rope sections. Every single group however started that from whatever point we met them at, it got a lot steeper from that point on. And it did. It is ABSOLUTELY CRAZY, but exhilarating. People have died on this trail. A lot of the time you have 1.000' vertical drops on both the left and the right of you and the path is only 2' wide. If you don't like heights, don't do this hike.Up and up and up we went. our pace slowed dramatically as a result and with 0.9 miles to go, while not having reached any of the most challenging rope sections, my daughter (27), wife (55) and myself (60), decided that we did not have enough daylight left to complete the hike and return down the mountain safely (like it was even safe in the first place). We turned back.Phenomenally beautiful photos. Absolutely 10 out of 10 in regards to challenge, adventure, craziness, confidence building etc. I am amazed that one of the three of us did not get seriously injured at sometime in our adventure. Although we failed, I sort of understand how people must feel, not being able to complete a venture like Everest etc.. initially stating that they would never attempt it again and then the next year, there they are.So I guess we'll see.There was a 75 year old, purple haired hippy looking dude who supposedly does the thing 5 times a week and completed it over 800 times. He's in great shape and I guess acts as a guide for hire. So there's hope for me I guess.",Moanalua Middle Ridge
8444737,"Best one ever Be well prepared! It took us 6 hours round and back.. min 2L of water, food, good trailing shoes and a coat cause its windy and cold at the top.. no kids and no dogs..not good for those who are afraid of heights.. chose your day very carefully.. dont go if it was raining the day before otherwise it will be muddy..",Moanalua Middle Ridge
