,location_id,text,name
0,14745403,リーズナブル 大勢の宴会でコース利用料理にはあまり期待していなかったけど、あれ、思ったよりも美味しいし、男子厨房というだけあってボリュームは満点。品数も結構あったので、これだけ食べて飲んでこのお値段ならとてもいいと思います。店員さんも忙しい中、いろいろ対応してくれてよかったです。,Danshi Chubo Sakaba Kuraoakari
1,14745403,蔵前にある居酒屋さん 台東区蔵前にある居酒屋さん。男子厨房とのことですが、料理の量が多いところからとっているのでしょうか。リーズナブルに楽しめる居酒屋さんです。,Danshi Chubo Sakaba Kuraoakari
2,8466418,"Nice latte in a pleasant space The Label Creators cafe is just on the boarder of Mita and Azabu-Juban, a few minutes from the Australian Embassy, just off the main road. It is in a stylish building and the interior is also very pleasant. They sell small fashionable clothing and accessory items. They also offer food but I just needed a coffee when visiting. Their latte was nice. Nothing special, but good quality coffee, pleasant taste. A bit milky, as most coffee in Japan for my taste, but then again I'm a fan of short, sharp, Italian style coffees. The interior is very pleasant, both for chatting, reading a bit, or a quick coffee or lunch.",Labelcafe Tokyo
3,8466418,穴場カフェ 二の橋を三田側に渡ってすぐの場所にある穴場カフェです。看板は出ているものの、入り口が奥まっているので分かりにくいためか週末の昼下がりでも空いていることが多いです。PCを持ち込んだり読書をするおひとり様が多く、大きなテーブルを一人で長時間占領できるのが魅力。その分数名で入店すると、店内はすいているのにテーブルがない、という状況にもなりがち。 コーヒーや紅茶が大体700円しますが、長居は可能だし空間が素敵なので場所代と思えば悪くないです。但し現在は17時閉店です。 ランチもやっていて、野菜をたっぷり使ったヘルシー和食が美味しくてお薦め。,Labelcafe Tokyo
4,8466418,喧騒を避けて...静かなカフェ@麻布十番 2019/7/XX (Cafe)麻布十番で夕食を頂く予定でしたが、予約時間より早めに着いた（17:00）ので、カフェで時間潰しすることに。「ハドソンマーケットベイカーズ」でマフィン等を購入後に、「カフェ・ドゥ・トワ」に向かうも、営業されておらず。駅から少し離れたニの橋近くの此方へ。駅から離れているだけあって、先客1組2名と空いていました。頂いたのは、此方のスイーツセット。◼︎大人のチョコレートケーキセット@900円（税込）※ドリンクは、コーヒーを選択。暗めの店内ですが、暖かいライティングが施され、落ち着いた雰囲気で、店内ゆったりした時間が流れているので、静かに過ごせます。チョコレートケーキは、期待していた以上のクオリティーで、しっかりした濃厚なチョコレートベースのケーキで、添えられた生クリームと共に、美味しく頂きました。コーヒーは、やや酸味あるタイプでが、濃くは無く、飲みやすいタイプ。コーヒーだけだと、少し割高に感じるかも。接客は、丁寧で申し分ありません。とにかく、居心地の良いカフェで、後客も含めて、皆さんそれぞれ気ままな時間を過ごされていた様子。尚、店外入り口横に灰皿があり、喫煙可能です。何故か、苺の苗も販売してました。麻布十番に来たら、また寄りたい静かなカフェでした。,Labelcafe Tokyo
5,3687280,"Wonderful restaurant Friends who live in Tokyo introduced us to this small restaurant, tucked away up a little side street. It's one of their favorite Japanese restaurants, and we soon found out why. The food was magnificent - seasonal, beautifully cooked and presented, understated but distinguished. Our feast comprised 8 courses, I think, starting with egg custard and ending with a strawberry.",Habukatei
6,3687280,"Such a cute sushi restaurant  We had a delicious sushi dinner in this quaint, authentic Japanese restaurant. The quality of the sushi was amazing and the sake was top quality. Go for the tasting menu, you will love the variety of flavours and dishes. Wow.",Habukatei
7,3687280,女将さんの人柄に惚れました 懐石コースをいただきました。それぞれの料理にあった日本酒を提供してもらい、本当に楽しいひと時を過ごさせていただきました。特に女将さんの丁寧な料理の説明に加え、お酒の説明、そして気の利いた接遇も料理の味を左右する大事なポイントである事に再認識させられました。楽しい時間をありがとうございました。,Habukatei
8,9947111,江戸前寿司の技を感じるお寿司でした。 鮫洲駅近くの旧東海道沿いのこじんまりした感じの寿司店です。昭和の寿司屋さんという雰囲気ですが、伝統的な江戸前にぎりがいただけます。こちらの寿司は、超一流店のようなものは望めませんが、一流店に負けないものを提供しています。口に入れるとほどけるシャリが江戸前寿司の技を感じさせます。お店に入ると地元の常連さんばかりという感じですが、和気あいあいの雰囲気で美味しい寿司をリーズナブルにいただくことができました。,Fuki Zushi
9,9947111,正統派 江戸前寿司 庶民的で敷居低い下町のお寿司屋さん　初代、2代目、3代目へと伝承された江戸前寿司の伝統が息づく　昼のランチも良いが常連さんに囲まれる夜も良い,Fuki Zushi
10,9947111,下町の名店 前から行っているお寿司やさんです築地から仕入れてる刺身、寿司はもちろんホワイトボードに本日の煮魚、焼魚、揚物なのが書いてあり、どれも美味しいです｡,Fuki Zushi
11,1678464,"Among the best This is a very well known soba restaurant in Tokyo. Excellent soba in a traditional beautiful building. They boil each portion of soba after getting an order, so it takes a while, but totally worth the wait. ",Tachiaigawa Yoshidaya
12,1678464,"Unique experience, fabulous food, great service!  Amazing restaurant! We visited as a group, for a business lunch and had a private room..  We walked around the garden and the pond filled with large, multi-coloured Koi.The food was excellent, we sat in a very authentic room with our feet in a recess, behind traditional screens and enjoyed soba noodles in a variety of dishes.The meal was huge, almost unusually large for a Japanese restaurant, but then we did order the ""special"".Apparently the restaurant is nearly 150 years old!! If you want a properly authentic Japanese experience, I can absolutely recommend this, not a single thing to fault about it.An absolute must for the visitor to Tokyo!",Tachiaigawa Yoshidaya
13,1678464,落ち着いた雰囲気 中庭もあり、落ち着いた雰囲気で小旅行気分が味わえます。お蕎麦は瑞々しくて、旨みと甘味があり、コシもいい。そんなお蕎麦もさることながら、一品料理もとても丁寧で美味しいです。,Tachiaigawa Yoshidaya
14,1677163,TVで見て予約 先月にTVで放映されており気になって予約して訪問しました。神楽坂の路地裏にある老舗のお店なんですね。親子丼が美味しい。,Torihan
15,1677163,美味しかった 鳥を堪能しました！他では味わえないお料理、厳選された食材と絶妙な調理ありがとうございました！お洒落な雰囲気！,Torihan
16,1677163,美味しい！ お店の雰囲気がとても良かったです！胸たたきとトリュフの組み合わせが最高でした(^^)お洒落な雰囲気で料理もとても美味しかったのでまた利用させて頂きたいです！,Torihan
17,1659022,昔からある中華屋さん ボリュームたっぷりの中華屋さんです。ランチはさらにお得に食べられます。個人的にこちらの桃まんが昔から好きです。駐車場もあり、小上がりもありなので、ファミリー向けです。,Suisho
18,13161905,としまや 神楽坂にあるお店です。ランチタイムには和パスタが食べられるということで、悩みましたが、ズワイガニのトマトクリームソースをいただきました。おいしく今度は夜も伺ってみたいです。,Toshimaya
19,13161905,ランチ 2度目のランチ利用でした。渡り蟹と冬瓜のペペロンチーノにスープとサラダのセットを付けました。サラダは桃が入っており、彩も綺麗で、パスタは辛さ控えめな感じでした。,Toshimaya
20,13161905,人気店 平日のランチタイムに伺いました。生パスタで大盛り無料、プラス250円でスープとサラダを付けました。スープは冷製だったので、まだ肌寒い3月には微妙でした。メニューに書いてあれば、注文を避けたと思います。パスタの味は悪くありませんが、提供まで20分ちょい掛かり、昼休みが終わってしまうので、早食いとなってしまいました。,Toshimaya
21,4946051,から揚げが戻った！ ここのやよい軒は以前も利用したことがあるのですが、ある時からから揚げ定食のから揚げの大きさが小さくなっていてがっかりした記憶があります。あれから数年経ち久々にから揚げ定食（¥730也）を注文してみたのですが、から揚げの大きさが元に戻っていたので安心しました。味は定番の外カリ中ジュワの美味しいから揚げです。あと、ポットに出汁があって（無料）、最後ご飯にかけて出汁茶漬けにして食べられるのも良かったです。,Yayoiken Toyosu
22,4946051,おかわりできるまで 定番定食や季節のメニュー（夏季はうなぎ、冬季は鍋など）など、ほぼ千円以内（オカズ特盛など除く）で食べられます。肉中心ですが。ご飯とお新香が食べ放題ですが、これが無くなれば価値は落ちます。大戸屋へ行きます。あと、ここの外国人定員に接客を求めてはいけません。黙々と食事しましょう。,Yayoiken Toyosu
23,4946051,豊洲と東雲中間のカジュアル食堂 豊洲のオフィスビル２階のレストラン街にあります。休日に利用しますが、そこそこの繁盛ぶりですが、座席は確保できます。とてもリーズナブルで味もまずまず。味噌カツなどはいつも安定した美味しさです。,Yayoiken Toyosu
24,1677276,"Good Indian Lunch Set I regularly enjoy a lunch set at Garonda.  Very consistent, good Indian food.  Spice is just right for a novice.  You may want to 'kick it up' if you like a more authentic spicy dish.  Service is pretty good.  The manager could be a bit friendlier with guests.",Galonda Takeshiba
25,1677276,Hidden Indian  We were the only people in the restaurant which was a real worry. The food was actually very nice and the view of the light show on the buildings was great.,Galonda Takeshiba
26,1677276,Indian food in Tokyo The food had authentic taste. Tastefully done place. Value for money pricing. Has good view of the bay area.,Galonda Takeshiba
27,2658457,"Very Good Spot for Sushi at Haneda This is a great spot to grab some sushi at Haneda Airport before going for your flight. In our case, my two colleagues and I decided to come here as we were waiting for our check-in time at the airport hotel. We looked over the food options in Terminal 2 and decided that sushi sounded good. So we made our way up to the 4th floor and found this place easily where the directory board said it would be. The shop was moderate in size and sported standard décor with a family-style layout.We were seated quickly and looked over the tempting choices on the menu. My colleagues ordered different portions of sushi and I had a rice bowl with sushi on top. I was very pleased with my choice as the taste was excellent. My colleagues were likewise happy with their choices.The service provided throughout our stay was excellent. The prices were pretty reasonable as we were able to stay below the equivalent of $20 USD each for lunch.If you are in Haneda and want a traditional Japanese treat before you head through security, this place is a good spot to try. The sushi is terrific, the service is good and the prices are not bad.",Numazu Uogashizushi Haneda Airport
28,2658457,美味しい！！  美味しい！！大好きな、あん肝で　ちょっと一杯。泡盛を飲みます。おつまみで、子持ち昆布。お寿司は雲丹、蟹味噌、帆立。好きなものだけ注文して食べた。あとは鯛のアラ煮、しっかり味が染みててお酒が進みました。,Numazu Uogashizushi Haneda Airport
29,2658457,値段もいいけど美味しい。 特典ランチ1980円と生ビール600円の昼食。小鉢とお吸い物が付いています。お寿司は大きい穴子一本握りが真ん中にあり、中トロも美味しかった。お吸い物もこの手のセットにしてはいい味。さすがに空港の寿司店ですね、板さんも中居さんも英語で普通に注文を取ってました。,Numazu Uogashizushi Haneda Airport
30,13062602,座席がたくさん ホームズ葛西店のフードコート内にあります、座席数がたくさんあるので席には困りません。フードコート内には、マクドナルドやはなまるうどんなどがあるので、分散されているのであまり並ばずに注文できました。,Doutor Coffee Shop Holmes Kasai
31,13062602,定番 定番のジャーマンドッグとコーヒーを注文しました！午前中は、比較的空いていて読書やPC片手に仕事もはかどります。,Doutor Coffee Shop Holmes Kasai
32,8076742,ワイン専門店 ドイツのワインを専門に扱ったバーです。WINE SHOP & BAR BRUNNENという名ですが、ほとんど販売がメインです。,Brunnen
33,8076742,ドイツワイン専門店、バーも併設 住宅街のど真ん中の裏通りに突如ポツンと出現するドイツワイン専門店。珍しいドイツワインを沢山販売(ドイツ赤ワイン見た事ある？)残念ながら現在店頭ではドイツ赤ワインを飲む事は出来無いが、多分、購入前提での試飲なら出来るんじゃ無いかな？ただしワイン専門店其の物なのでドイツ料理などは無い。,Brunnen
34,9899346,懐かしのさつまっ子 さつまっ子ラーメンショップ 　最近、まったくお店をみませんね～　かつては、関東を中心に（特に街道沿いで）よくみかけたのですけど…こちら篠崎店も　決して　新しくて綺麗なお店という訳ではありませんが、ラーメンはもちろんのこと　チャーハンが美味しいので、たまに無性に食べたくなります。　駐車場もあるにはありますが、お店とはちょっと離れた場所なので、初訪問の人にはわかり辛いかも…　今はもう営業していません。,Satsumakko Ramen Shop Shinozaki
35,1660599,オシャレなカフェかと! オシャレなカフェのような店構えですが、ちゃんと現地のシェフの方が作っているインドカレーです。カレーの種類は、巷のインドカレー屋と同じでベーシックなものが揃っていますが、日替わりもあります。私が行ったときは確か、しめじとチキンだったかな?辛すぎず、日本人の口にもあうおいしいカレーです。そしてナンの大きさ。びっくりするくらい大きかったんですが軽いのでおかわりしてしまいました。ここら辺で1000円しないでランチが食べられるコスパの良さとオシャレさ、あとは男性の日本人店員さんの接客も良いのでまた休日ゆっくりランチしたいときに行きたいです。,Bliss
36,1660599,お洒落な店構え インドカレー屋さんというとタージマハールの絵が飾ってあったり等、何かと濃いイメージの装飾がありなかなか入りにくい店構えのレストランが多いがこのお店はとてもカジュアルでオシャレハンバーガーショップに見間違えるほどだ。私にとっては味もこの辺りでは最も美味しく感じた。,Bliss
37,1660599,美味しい休日ランチ 蔵前辺りを散策中にお店を偶然見つけ、入店しました。ランチタイムだったので、ランチセットのほうれん草とチキンのカレーを頼みました。マイルドですが、カレーの味がしっかりしていて、そして、ナンもとても美味しかったです。食後のチャイもお砂糖は、自分の好みの甘さに調節できて美味しかったです。また違う味を今度は試してみたいです。,Bliss
38,7489854,対応、　質、　味の向上を 久しぶりで家族と遠方より出向きました。年に二度ほど行っているのですが先日は最低でした。セットの生モノの新鮮さは無く量も行く度に少なくなりご飯も臭く本当にがっかりしました。以前は一之江に住んでいたので四十年前から良く行っていましたが先代の時は雰囲気や料理に満足したものでした。北海道料理として大きく看板を掲げているのですからもっと料理の質　量　等々考えて頂きたいものです。,Shiretoko
39,7489854,北海道の郷土料理 住宅街の真ん中にある北海道の郷土料理を出す居酒屋さんです。地元の人たちに愛され、かなり古くから営業しているお店です。お魚類は新鮮、料理はどれも美味しいのですが、場所を考えると若干価格は高めの気がします。店内の雰囲気は落ち着いていて、ゆったりとくつろげます。,Shiretoko
40,7489854,鮮度よし！昔からある北海道料理屋さん かれこれ30年前からあることは知っていたものの一度も訪れた事がなかったのと、何より、車椅子対応ありとのことで、この度、祖母のバースデーで訪れました。店に入る入り口はちょっと車椅子では上りづらかったものの、店内のテーブルでは車椅子でも大丈夫でした。料理はたかめですが、どれも新鮮で美味しかったです。お金の余裕があればまた行きたいです。,Shiretoko
41,5053678,こじんまりとした静かなお店 JR飯田橋駅から徒歩10分ほどで着きます。とても小さなお店でカウンターとテーブル4人掛けが2つあるお店です。料理もおいしい物がちょこっとでてくる感じです。お酒も色々あります。お店の方も非常に親しみやすいです。ただコスパは非常によくないと思います。,Yuyu
42,5053678,小料理屋 会社の懇親会で利用しました。こじんまりとした小料理屋でした。さかな料理が美味しかったです。お酒もいろんな種類がありました。年配の方には好まれる店かと思います。,Yuyu
43,12030799,"Ok as a group alternative to trad Japanese Azabujuban is awash with quality Japanese restaurants, and a MacDonalds, and not much in between, there are a couple of burger bars, and then there’s DC BBQ. Maybe I caught the staff on a bad day, it wasn’t busy, but the waitress stopped me at the entrance demanding that I order before sitting, in a very surly, un-Japanese way. I didn’t, but I would have liked a beer while choosing. The menu is not so compelling, a limited selection of meat, the draft beer is very expensive, as it includes free refills - great for a party! But you cannot buy just 1 draft beer, they do have a reasonable selection of craft beers. This is definitely a place to go in a group, get the free refills of beer, share the meat platter and have a good time. ",DC BBQ
44,12030799,"Authentic Q! Went for dinner and really enjoyed the night. Had the large combo plate, chicken wings, gumbo rice, and all you can drink alcoholic beverages. Everything was awesome! They hand make their sauces and they were also amazing. There is no time limit for the drinks, so it’s really good value. The staff were amazingly helpful and friendly. They really do q the way it’s supposed to be, with oak wood chunks!Atmosphere was also great.Would have given 5 stars, but when I turned up without a booking at 17:30, I was greeted by a sign on the door saying they’d open at 19:30. Waited in an izakaya nearby that was awful.",DC BBQ
45,12030799,Lunch Under new management from 1 OctOrder as you enter -minimum 1000 yen for lunchPulled pork okay but a bit mushy. No service to speak of.Give this one a miss.,DC BBQ
46,7490135,病院内のレストランです 毎年受診している人間ドックの後に食べてます。この間友人のお見舞いにいった時に食べました。病院内のレストランなので本格ではないですが便利です。,Tokyo Rinkai Hospital Gourmet Plaza
47,3827830,"Good value for money Authentic sushi restaurant, excellent sushi and service, moderate pricing.Waiting-time to be seated 10-15 minutes/Friday evening.",Choushimaru Oi
48,3827830,Way above your average chain kaiten sushi  Choshimaru has excellent quality toro and other fatty fish. Tamagoyaki is freshly made in front of you. Portions are excellent value quality and quantity wise eg salmon ikura is large and very fresh.Good for family too.,Choushimaru Oi
49,3827830,ランチだと ランチだとあら汁が無料との事で行ってみました。美味しい！握りもちゃんと握ってるし、あら汁無料はありがたい！おかわりも自由だそうです,Choushimaru Oi
50,1676958,六本木で和食 六本木にある隠れ家的な和食屋さんでディナーしました。とても素敵な個室でお料理一つ一つが丁寧な味でとても満足です。,Hyakumison Kosen
51,1676958,お店オリジナルのビールもあり、上品で美味でした。 リピーターで長年、公私ともに利用している人にお連れ頂いたお店です。全てが個室で、寛げるお店です。京懐石を堪能しました。量も十分で、種類も多く、堪能しました。またお邪魔したいです。,Hyakumison Kosen
52,1676958,個室で気軽に京料理 麻布という立地にもかかわらず、そこまで気張らなくていい居心地のよいお店です。ランチもディナーもありますが、いつもディナーで利用するので個室に通されます。どれも品よく、女将さんも気さくな方で、気軽に楽しめる京料理店です。,Hyakumison Kosen
53,9941209,ランチの種類が豊富です ホテルマリナーズコート１階にあるレストランです。修学旅行生の朝食会場等にも使われるようで、広々としているのが特徴です。日替わりのフライのセットをいただきました。味は無難ですが、店内が明るく、心地よいです。,Marlena
54,9941209,和洋バイキング 朝食の和洋バイキングをいただきました。7～10時までと時間をたっぷりとってあったので、ゆっくりバイキングを楽しめました。肉や魚のおかずが少なかったと思いますが、そばやフルーツグラノーラがあったのは私には嬉しかったです。,Marlena
55,9941209,マリナーズコートの朝食会場はここです ホテルマリナーズコートの朝食会場は、このレストランが会場になります。平均的な朝食バイキングですが、会場がゆったりしているので混雑することはありませんでした。補給もしっかりさていました。,Marlena
56,3843677,Bella italia We used this restaurant a couple of times. Once at lunch for a quick bite and once for dinner. On both occasions the service and food quality was excellent. Very attentive and friendly staff but without doing that annoying European thing of asking you if it is ok when you have your mouth full! The food was very authentic Italian but with the usual Japanese twist. My carbonara has a raw egg yolk on it and my wife’s cheesecake dessert had a parmesan cheese decoration instead of white chocolate. ,Ristorante Salute Takeshiba
57,3843677,"Simple Italian Lunch The food and service are adequate, but the water view is impressive.  Lunch set for under 1500 yen which includes a drink bar with tea, coffee, and soda.",Ristorante Salute Takeshiba
58,3843677,"Good choice for lunch or dinner. There aren't many restaurants in this area, so you are probably only going to stop here if you are staying at the InterContinental Tokyo Bay.  This place is definitely a better value than any of the overpriced hotel restaurants, but it still isn't inexpensive.We went here for lunch and went back the next night for dinner.  Both meals were good, but nothing spectacular.  At lunch I had a small pizza and a salad, both of which were satisfactory.  The pasta set meal the next evening was also fine, but a bit overpriced for what it is.  Service was friendly and helpful.  Some of the staff spoke English well enough to help us with no problem.  We were given English menus, too.If you need a break from Japanese food, this is a decent option, but I wouldn't go out of my way to dine here.",Ristorante Salute Takeshiba
59,9896692,広い 環七の陸橋と京葉道路が交わる地点にあり、便利な場所があります。これでもかという位、広い駐車場が魅力のお店です。なぜ１階も駐車場にしているのかは謎です。手軽な価格で本格的な和食が出るのでありがたいです。,Yumean Edogawa Osugi
60,9896692,和食ファミレス 手頃な価格で定食類が食べられる、すかいらーくグループ系の和食ファミリーレストランです。駅からは遠い立地ですが、広い駐車スペースが完備されており車での来店がオススメです。,Yumean Edogawa Osugi
61,11771545,"Really good Granted I've not been to many higher end tempura restaurants, but this is the best tempura I've ever eaten. The menu is essentially omokase (13,000 yen when I went) with opportunity to order additional side dishes (I didn't as was full). Chef spoke enough English to instruct me on what the recommended eating procedure was (i.e. with tempura sauce or salt or lemon juice) for each particular offering. Place takes reservations in advance and takes credit cards (or cash). Going back for a 2nd visit next time I in Tokyo (already made rezzie)",Tempura Arai
62,11771545,"Fantastic As often the case in Japan, this restaurant is tiny in space and specialized in one type of cuisine only: tempura. A reservation is in order. Order according to the chef’s recommendation. The tempura - a selection of fish and vegetables - is of the highest quality, the oil leaves no stains on the sheet of paper the tempura is served on. Nothing like this can be found outside of Japan! ",Tempura Arai
63,11771545,"Our favourite tempura restaurant Back in Tokyo, our annual trip since 2013. We tried Arai last year at lunch and this time we decided on dinner here. Dinner is a standard course and none of the dishes disappointed.  We had like more than >8 types of tempura. Amongst my favourites was the prawn, asparagus, oyster and mushroom. The cold sake was so god and complimented the dinner. Even the dessert was Apple tempura with home made milk gel with honey. Definitely worth a visit. ",Tempura Arai
64,7490048,篠崎で立ち食いそば 篠崎にブックマークしてた立ち食い蕎麦屋があったので朝飯がてら訪問しました。お店の名前は立ち食いそば絆。今回は天たまそば、本日の天ぷらでとり天があったのでそちらも注文。全てどんぶりに入れて提供されました。結構ボリュームありそうやね。天ぷらは残念ながら揚げたてではなかったです。食べてみると蕎麦はやや柔らかい茹で加減。出汁は最初薄めかなと思ったけど甘みもあるしゴクゴクと飲みたくなる味付け。卵を溶いても美味かったです。かき揚げ天は衣が多い印象かな。たっぷり出汁を吸わせていただきました。とり天は下味がついててそのままでもよかったかな。メガ盛りや10玉チャレンジなどもあって面白いお店でした😄,Tachigui Soba Ban
65,7490048,大事にしたい、美味しい蕎麦屋❣️ 実家の近くに、美味しい立ち喰いそば屋さんがあるとのこと…春菊好きに、腹ペコ具合もあって麺大盛。それにひときわ目に入った紅生姜天をトッピング…信号機のようなビジュアルに…汁が熱々で、久々に必死に食べた…(^^)本当に美味しかった,Tachigui Soba Ban
66,7490048,時間のないときに利用 篠崎駅からすぐのところにあり立ち食い蕎麦ですが天ぷらは美味しく価格がリーズナブルにしては美味しくお薦めできます。,Tachigui Soba Ban
67,1685918,三田の大使館巡りの途中、 二の橋から桜田通りへ向かう途中に、オーストラリア大使館巡りの近く、高い塀に囲まれた立派な三井家の迎賓館として建てられたもの。自由に入ることは出来ず外側から見ても立派な佇まいでした。,Tsunamachi Mitsui Club
68,1685918,結婚式で利用 結婚式で伺いました。建物に格式の高さを感じ、料理は文句なしに美味しかった。ただ接客が忙しいのもあったと思いますが気になりました。スープを注ぐ際、テーブルこぼしていました。。愛想もあまりなかったのが残念。,Tsunamachi Mitsui Club
69,1685918,やはり雰囲気があります！ 噂には聞いていましたが、今回初めてスペシャル・ディナーの会で伺いました。建物の格調高さ、食事の美味しさ。マリアージュさせたワイン、とても楽しい時間でした。食事は今回は特別に準備していただいたとか。茸のポタージュ、ショコラパッションフランボワーズがとてもワインと良く合っていたと思います。今回は夜でしたので庭園の美しさを愛でることが出来ませんでしたが、次回はワインセラーと共に楽しむ機会を見つけたいと思います。,Tsunamachi Mitsui Club
70,14015325,蔵前で見つけたお洒落なコーヒーショップ 浅草橋界隈のビジネスホテルをよく利用するので、蔵前付近もよくお散歩しています。たまたまこちらのお洒落なコーヒーショップを見つけので、ドリンク休憩がてら利用してみました。２階でいただけるのは嬉しいですね。珈琲豆にはそれほど詳しくはありませんが、やはり専門店のコーヒーは美味しかったです。,Coffee Wrights Kuramae
71,14015325,お店の雰囲気も素敵 一本裏には入ったところにあり、静かです。２階にイートインスペースがあり、古いビルをリノベしていてシンプルで、とてもおしゃれです。お店の方のおすすめで、豆に合うのはカプチーノとのことでいただきましたが、本当に美味しかったです。,Coffee Wrights Kuramae
72,14015325,Nyaman Tempatnya nyaman! kopinya lumayan enak. Di tempat saya mereka juga menjual donut dan eskirm dari Higume yang enak!,Coffee Wrights Kuramae
73,1671782,千葉房総発祥の回転寿司 千葉県中心に展開する回転寿司チェーンやまとの系列。これまでは山傳丸の名前だったが、いまはやまとの名に統一された。看板やネオンはいまだ山傳丸のままだが、メニューなどは既にやまと。炙り三貫、青魚三貫などのセットメニューが多種。基本ひと皿ニ貫なので、異なる寿司を三種盛った三貫セットは嬉しい。人気なのはうに、いくら、ねぎとろの三貫だろう。不動の人気。家族で必ず注文する炙りえんがわ。もみじおろしと塩が基本。ポン酢がほしい。卓上には普通の醤油と減塩醤油。鮮度はなかなかなのか。生しらすも時間が経って苦味が強いこともない。シャリは機械握りだろう。形が四角い。わさびはネタに均等になっておらず思い切り偏っている。シャリとネタの位置にずれ。細かいところで詰めが甘いか。味は悪くないのでちょっと残念。君津のお店でも似た印象を感じた気がする。一品料理からあん肝とまぐろのユッケ。あん肝はよくある居酒屋のあん肝。まぐろユッケはタレの味がかなり濃い。子供が好きそう。子供はみんなユッケは好きか。注文は完全タッチパネル制。お皿は回転レールを使って届くが、注文した皿が来ると音で知らせる。同時にレール上のバーでテーブル方向に弾かれる仕組み。お皿やお皿が乗せられていたボードは、テーブルの横に積んでおくが、空いたお皿と共に頻繁に下げてもらえるのでテーブルが広く使えて気持ちがいい。お店は六人用のテーブルがあったりと広めなので、大人数のグループが多い。コロナ禍のいまは時短営業なので八時半がラストオーダーだが、お店が混み合うのは七時過ぎ頃。まぁそうだよね。ごちそうさまでした。,Yamadenmaru
74,1671782,京葉道路沿いにあります 京葉道路沿いのセブンイレブンの二階にあります。店内はテーブル席とカウンターがありますが、カウンターの席数は少ないです。銚子港から直送の魚がたべられます。,Yamadenmaru
75,1671782,小さな子連れでも安心 普通の回転寿司だと小さな子供が回っているお寿司に手を出さないかハラハラしますが、こちらはうまい具合にその心配から解放されます。注文してから届くしのでカピカピになってないし、イワシ0円にはビックリしました。ホントなのかな。。,Yamadenmaru
76,20914005,町の小さなケーキ屋さん さくら通りから少し中に入ったところにある、町の小さなケーキ屋さんです。青い屋根が目印です。ケーキ、クッキー、日替わりキッシュなどが並びます。ケーキは小ぶりですが、甘すぎない上品な味のものが多いです。事前予約をすれば、記念日ケーキも作ってもらうことができます。,Pastel De Vene
77,1661631,古民家の雰囲気の和食中心の居酒屋さんでした。 ゆりかもめの竹芝駅からすぐのニューピア竹芝サウスタワーの中にある和食中心の居酒屋さんですが、個室になっていて古民家風の内装になっていました。個室ですので気兼ねすることなくお食事が出来ました。,Bimishokushukanezo
78,1661631,穴場 浜松町には飲食店がいくつもありますが、さすがに竹芝桟橋まで来ると少なくなります。ここは、そんな数少ないお店のひとつ。各テーブルが仕切りで分けられていて、カップル向きかもしれません。,Bimishokushukanezo
79,1661631,居酒屋ランチ ゆりかもめの竹芝駅近くにある、ビルの中にある居酒屋です。昼のランチで利用しましたが、1000円くらいでした。カキフライ定食を食べましたが、とても美味しかったです。,Bimishokushukanezo
80,21402161,"Great Authentic Indian Bliss Dinning Bar Not a name that spells damn good curry, or even hints of it, but if you enjoy an authentic Indian meal with home made nan bread that wont break the bank, this has to be the place. Try the Seekh Kebab, with a medium Chicken Masala, and garlic nan bread. You will thank me after.",Bliss Dining Bar
81,21402161,インドカレー Dining Barとありますが、インドカレーを中心としたレストランでした。店内は1階と2階にテーブル席がありましたが、今回はテイクアウトでインドカレーを楽しみました。お店の味を確かめるには一番オーソドックスなチキンカレーですが、はずれはありませんでした。ナチョスのソースがまた一段とおいしかったです。,Bliss Dining Bar
82,21402161,本場のカレー Dining Barとありますが、メニューはカレー中心のようです。1階と2階にテーブル席がありましたが、墨田川散策の帰り道に立ち寄ったので、今回はテイクアウトにしてもらいました。チキンカレー900円、ナン300円、チーズナチョス450円（税別）でした。本格的インドカレーといったところです。とてもおいしかったです。,Bliss Dining Bar
83,14746401,ケバブ丼 安いけど味はそんなに美味しくないです。周りに同じような店がないので混んでいます。Lサイズで普通くらいでした。,Masala King
84,3808431,Parting gift of Japan The restaurant in haneda airport  is one of a kind. The people at the counter are very honest friendly and efficient. The food is of high quality much like you would find in all of Japan,Ozashiki Tenpura Tenmasa Haneda Airport
85,3808431,値段に見合っていないような。 竹コースを注文。正直なところ、腕のいい職人さんとは思えませんでした。衣が十分に上がっておらず、小麦粉の塊が少し出てきました。衣は冷やしてあまり溶き過ぎないのが鉄則とは聞きますが、揚げた状態で小麦粉がダマになって出てくる状態はあんまりです。素材の良さを挙げていらっしゃる方も多いですが、正直なところ自慢のまき海老含めてそれを感じることはできませんでした。コロナ禍でまだお客様も少なかったようなので、試運転的なものだったと思いたいです。接客には問題はありませんでした。,Ozashiki Tenpura Tenmasa Haneda Airport
86,3808431,大阪から帰京してリムジンバスの時間までに特製天丼を 大阪から帰京してリムジンバスの時間までに特製天丼を頂きました。価格は高かったけど素材も良く大変美味しかったです。,Ozashiki Tenpura Tenmasa Haneda Airport
87,1664327,立会川駅よりすぐにある、お蕎麦屋さんでしたよ！！ 立会川駅よりすぐにある、お蕎麦屋さんでしたよ。江戸伝統の二八蕎麦で、てんぷらもさくさくしておいしかったですね！！,Omuraan
88,1664327,旧東海道沿い 旧東海道沿いで駅で言うと間急行立会川駅の近くにあります。おそばは当然のことながら名物の砲台そばを食べましたがまあまあ美味しかったです。歴史を感じられるお蕎麦屋さんです。,Omuraan
89,1664327,老舗のお蕎麦屋さん 立会川駅から歩いで少し位の場所にある立会川商店街のお蕎麦屋さん。お店は奥行きがあり手前はテーブル席。奥には座敷がありました。,Omuraan
90,1660440,紛らわしい表示に残念 航空機の離発着か見える眺めの良い場所にあります。コロナだから仕方ないがいらっしゃいませの前に検温とかアルコールしろとかどうなんだろうね。メニューも五目焼きそばセットがあり五目つゆそば食べたかったところそのセットに(つゆそば・ごはん)に変更できますとあったのでそれにして待っていたらご飯がついておらず店員に聞くとご飯は五目ご飯にも変えれますと言う意味だという。書き方がつゆそば・ごはんに変更可能って書いてたら五目つゆそばとご飯がついていると思うよね紛らわしい。つゆそばに別でスープまでついてるなんかおかしいよね,Nangokushuka
91,1660440,昼にアラカルトで おいしい中華でした。割と本格的、その割にリーズナブル。ピータンはうまいほうだし、蒸し鶏のネギダレも美味。ナスの麻婆も満足です。あんかけ焼きそば、紹興酒のボトル、ビールときて、二人で9000円ほどでした。,Nangokushuka
92,1660440,第二ビルの4階にある中華料理 第二ビル4階にある中華料理です。ANA国内線のビルです。空港内レストランということで、値段はやや高めですが、1500円くらいでしょうか。ハーフ担々麺&ハーフチャーハンセットがとても美味しかったです。担々麺は濃厚スープで、挽肉の量も多めで、麺もモチモチでした。チャーハンもコッテリでパラパラでした。,Nangokushuka
93,8279889,Amazing muffins Super cute muffin shop in Taito. Be sure to arrive early as they can sell out of flavors. The flavors change daily so you have plenty of opportunities to try really unique and delicious muffins.,Daily's Muffin
94,8279889,"Great little spot for a savory or sweet snack. Be sure to drop by if you're around Went for an early muffin after reading a review in Timeout Tokyo. It's a really small place in an alley and was a bit hard to find. The selection is mostly muffins, although they sell some cookies and bagels aswell. We tried four, two sweet muffins and two savory, and they were all very good and the entire variety is very interesting. Overall, we really enjoyed it.",Daily's Muffin
95,8279889,気になってたマフィン専門店 気になってたけど、いつもタイミングが合わなくて買えなかったマフィン。日曜なので休みと思ってたら、最近は日祝も開けてるようです。お菓子系とおかず系を買いましたが、ホロホロと口ほどけが良いマフィンでした。おかず系は、マヨネーズが中に多めに入ってたので、苦手な方は聞いてから買った方がいいかもしれません。さっくりとした食べやすい味でした,Daily's Muffin
96,9905271,街のステーキ屋さん。 街のステーキ屋さん。ランチでお伺いしましたが、1500円でこのクオリティとボリューム。本当に満足です！また絶対行くので星5つです！そして味だけではなく、僕はここのおばちゃんが好きです！！接客があるから味もなんだか親近感が湧くんです！,Steak House Lib Horie
97,4663895,ゆっくりとした時間を過ごしたい時や親しく大切にされたい方と魚料理の食事がしたいときは 魚料理は文句なし、ここまで丁寧に造るお店は少ないです。最初、食事したときに白子の焼き物を注文したのですが時間がかかり、ちょっと不満でした。（笑）でも、出されたものを食べて納得です。日によりメニューが変わりますが、年間を通してレベルが高いです。一年の締めくくりはここでという方々も地元では多いです。,Fish Village Nishiki
98,4668846,朝までやっている焼肉屋さん！ 深夜1時ごろにひとりで訪問。なかなか人はいなかったが、スタッフがすぐに対応しに来たりと◎ですね。ひとりだったのでカルビスープとサラダを注文。嫌な顔せず普通にオーダーを通してくれました。味も美味しかったので次回はお肉を焼きに行きたいね。,Ryukaen Azabu
99,4668846,深夜の焼肉 朝までやっている焼肉屋さんメニューも豊富で価格も安い。味もそれなりに満足できるお店。使いやすいのでオススメ！！,Ryukaen Azabu
100,4668846,お肉の種類がたくさん 六本木店の方に何度か行っていて、麻布にもあるということで行ってみました。お肉の種類がたくさんあり、シルクロース、みすじ等薄めのお肉が大変美味しかったです。店員さんも若い女の子のアルバイト？が多かったですが、お薦めメニュー等ハキハキ教えてくれて感じは良かったです。ただ、ホルモン系が絶望的に美味しくなかったのが残念。私達の焼き方が悪かったのでしょうか？がやがやしていてお座敷に所狭しと座る六本木店の方が何と無く美味しく感じられて好きです。こじんまり静かに焼肉を楽しみたいときは麻布店の方がおすすめ。,Ryukaen Azabu
101,4671363,"Kind Hearted Star Restaurant When we experience such a kind hearted service from this one star restaurant, it really warm our heart in this time of cold winter in Tokyo, marvellous. After seated and having read through the menu, thought the degustation menu is really of good value at 7500yen per person, but the waiter asked if we have big appetite, as the combined volume may be a little heavy for most Asian, if we are just normal eater, he suggested us to order an appetiser to share, a risotto or pasta to share and then each have a main course and finally a dessert to share, he felt we probably would enjoy the meal better with these combinations. We fully agreed to his recommendations as we also felt 7courses degustation might be a little heavy to finish.The fish carpacio is really refreshing with the vegetables topping and tomato puree, the cheese risotto with mushrooms and black truffle is our highlight of the meal, the aroma from the melted cheese is simply heaven, a perfect match to top with the black truffle, I finished every bits of the risotto and uses bread to wipe clean the bowl, really fantastics.the main courses of Seabass and stewed beef are just as tasty, particularly the onions added taste to the nicely cooked beef.For dessert, the Panacota with strawberries and sorbet is wonderful.Indeed we have an great evening there and thankful to the staff for helping us to eat better and more enjoyable...domo arigato.",Casa Vinitalia
102,4671363,初めて 14時30分～ディナーの営業がありコースを頂きました。前菜・メイン・パスタ・デザートなど5品程度から選ぶスタイルで堅苦しくない雰囲気ですべて美味しく頂きました。,Casa Vinitalia
103,4671363,安心できるお店です 何度か訪れていますが、いつも美味しいお料理を提供してもらえる安心感があります。また、遅くまで営業しているのが本当にありがたいです。今回は久々に会う友人とゆっくりおしゃべりを楽しみたかったので、こちらのお店にしました。定番のバーニャカウダを始め、ココットでも色々なお野菜を食べられるのが嬉しいですね。仔牛のイチボも美味しかったです。,Casa Vinitalia
104,1659106,店名 今まで「しげの珈琲工房」があった場所でしたが、「sakura」というお店になりました。スカイツリー近くに引っ越したようです。,Shigenokohikobo
105,1659106,しげの珈琲工房➡︎Sakura しげの珈琲工房はスカイツリーの近くに引越してしまいました。今、この場所はSakuraさんです。でも、しげの珈琲のコーヒーがのめます。豆も買えます。詳しくはSakuraのオーナーに聞いてみてくださいね。,Shigenokohikobo
106,1659106,お天気のいい日には お天気のいい日には、いえばテイクアウトにも応じてくれます。桜の季節に向かいの公園で飲むのもイイですよ。珈琲は間違いなく美味しいです。はじめてのひとはどんな味が好みかマスターにいってみてたらいいです。,Shigenokohikobo
107,9967497,アイスコーヒーが美味しい純喫茶。ランチも充実。 アイスコーヒーは440円で美味しいコーヒーでした。ドリンクはもちろんのこと、ランチやお菓子のメニューも充実していました。喫煙可なので愛煙家には嬉しい純喫茶かもしれません。喫煙可なためお子様連れでの入店は控えているとのこと。,Cafe de Taro
108,9967497,日本の喫茶店文化を継承する喫茶店 店構えは地味かもしれないが、日本の「喫茶店」ていうのは本来そういう感じではなかったか。立地としては近隣の公民館でのお稽古帰りに立ち寄る高齢者の方や、一人暮らしの高齢者の方が多い。毎日夕ご飯を食べにくる人もいる。経営者ご夫婦の人となりである。少し人見知り気味ではあるが明るいマスターと、明るく人懐っこい奥様の絶妙のコンビネーションは最強だ。お洒落な店構えが平井に似合うとも思わないし、すごーく美味しいランチのカフェもどこにでもあるだろう。が、毎日大勢の高齢者の方が楽しみに来店する喫茶店もあっていいのではないか。愛すべきジジババの憩いの店である。そのジジババたちが日本の喫茶店文化を創造してきたのである。タローの椅子にすわり、コーヒーを嗜むジジババはとてもお洒落に映る。もちろん若いお客様も大歓迎だ。そして私のホームベースである。,Cafe de Taro
109,9967497,洒落たフランス語風の店名だが 洒落たフランス語風の店名だがその実態は地方の田舎喫茶と言う感じ、何より店のやる気が感じられない、遅くに開店し早く閉まる超短い営業時間。突出して味が良い訳でも無く雰囲気がオシャレな訳でも無く中途半端な立地なので客は近所のジジババしかいない。,Cafe de Taro
110,10001221,"Rare shop where you can enjoy not only taste of chocolates from all over the world, but also the process of making them 店に入るなり、香ばしいカカオの香りが漂うお店です。しかもその香りは、全く甘ったるくなく、強すぎず控えめで心地よく、とてもリラックスできる空間を醸し出しています。世界中のカカオ農園から直接カカオを買い付け（店に入ると、実際に買い付けたカカオ豆の袋の山が目に飛び込みます！）、買い付けた店でスイーツやドリンクを作り、それらを販売している、という、チョコレートが出来る行程の全てを見ることが出来る非常に稀なお店です。作成の行程は常時見ることが出来ませんが、その一部は注文カウンターから見ることが出来る上、不定期にワークショップや見学会が開催されています。単にカフェやスイーツを店頭で購入するだけのお店に留まらない、チョコレート好きにはたまらないお店だと思います。カフェとして利用する場合、1階にも客席はありますが、基本的に2階を利用します。2階への昇降は階段のみで、且つやや急であることに注意が必要です。1階のカウンターで注文し、受け取り口で注文したスイーツやドリンクを受け取ります（スタッフが2階まで運ぶことはほぼありません）。混雑具合にかかわらず事前に座席を確保する必要があるため、貴重品の管理には注意が必要です。入口には段差があり、可動式のスロープが取り付けられていることがありますが、2階への昇降が階段のみということもあり、車椅子等の障碍を持つ方は利用しづらい印象を持つでしょう。一部、利用にやや難がある箇所があるものの、世界中のカカオ豆から作られたチョコレートの食べ比べが出来るなど、とてもユニークで興味深いお店です。As soon as you enter the shop, the aroma of fragrant cacao wafts through the air. The aroma is not at all heavy sweet, not too strong, but moderate and pleasant, creating a very relaxing atmosphere.The shop buys cacao directly from cacao farms around the world (when you enter the shop, you'll see piles of bags of cacao beans that have been purchased!) ), and then they make sweets and drinks in the shop and sell them, making it a rare shop where you can see the entire chocolate-making process. The entire process of making chocolate cannot be seen at any one time, but part of it can be seen from the order counter, and workshops and tours are held on an irregular basis. This is not just a cafe or a shop where you can buy sweets, but a shop that is a must for chocolate lovers.If you use it as a cafe, you'll generally use the second floor, although there is seating spaec on the first floor as well, and you should be aware that the stairs are the only way up and are rather steep. (Staff will almost never carry your order to the second floor). Regardless of how crowded it gets, you'll need to reserve a seat in advance, so be careful with your valuables. There are steps at the entrance, and a movable ramp may be installed, but the stairs are the only way up to the second floor, which may give the impression that wheelchairs and other disabilities are not accessible to visitors.Although some parts of the store are somewhat difficult to use, it is a very unique and interesting store where visitors can compare chocolates made from cacao beans from all over the world.","Dandelion Chocolate, Factory & Cafe Kuramae"
111,10001221,"Chocolate heaven Nice space to relax or work. I ordered the chocolate nougat and signature hot chocolate. It was a little much for one, so maybe better if you share with another person or two. But nonetheless, it was very delicious. There were also a few bar seats on the first floor, so that you could enjoy your drinks and sweets while watching the staff work on the chocolate.","Dandelion Chocolate, Factory & Cafe Kuramae"
112,10001221,"Lovely Hot Chocolate and pretty views The Hot Chocolate and cakes/pastries were fantastic. You can put as many marshmallows you like on the hot chocolate.  Second floor overlooks a park, and if it's cherry blossom season there's some nice views of sakura too!","Dandelion Chocolate, Factory & Cafe Kuramae"
113,14794378,ホ－ムズ葛西店 　ホ－ムズ葛西店の一階フ－ドコ－ト内に所在。こちらのフ－ドコ－トにはマックやうどん店などがあり、デザ－トや甘味が欲しい時にこのサ－ティ－ワンの存在は嬉しい。,Baskin Robbins Kasai Shimachu Holmes
114,3927586,落ち着いたランチの穴場 レストランにもホテル自体もチープな感じは否めませんがすがきれいです。レストランも席の間隔も広々しているし、窓からは建設中の選手村とその奥にレインボーブリッジが見えます。 とても美味しいというわけでもないのですが、1200円からサラダ、パン、食後のドリンクが付くランチセットが食べられて、しっかり量があるのでお得感があります。平日だとドリンクバーが付くそうですが、訪問した日は週末でしたが混雑のため臨時でドリンクバーが付いていました。 現在はランチの予約は週末のみ受け付けています。週末は全席禁煙です。 ,Top Restaurant le Havre
115,3927586,月曜日はレディースデー パスタのランチをいただきました。コーヒーや紅茶も付き、景色がいいのがこちらのお店の特徴です。月曜日がレディスでーで一口デザートが付くのもうれしいです。,Top Restaurant le Havre
116,3927586,種類が減りました ホテルマリナーズコート12階にあるレストランです。ランチにお伺いしました。以前はランチも予約できましたが、できなくなってしまったようです。また、以前は和食洋食と種類も豊富でしたが、洋食のみになってしまいました。種類が減ったためか、以前より混雑が緩和されたようです。,Top Restaurant le Havre
117,9947795,今年も冷やしたぬきそばの時期、暑いときはこれに限ります。 浦安市役所から離れた住宅地にあるお蕎麦屋さん。夏の定番冷やしたぬきそばが登場！暑くなると食欲がなくなるけどこの冷やしたぬきそばは不思議と食べてしまう。普通のサイズで大盛り、これを大盛りすると洗面器で食べるような感じ。一度食べたけど午後は頭が寝ていた。,Futaba
118,9947795,蕎麦屋の中華もりそば ここの夏場の人気メニューは冷やしたぬきそば。それに負けないのが冷やし中華もり、日本蕎麦のつけ汁で頂く。この味わいなかなかのものです。,Futaba
119,9947795,冷やしタヌキ蕎麦が大盛り(笑) 浦安市の住宅街にある日本蕎麦屋さん、二葉。夏に食べた冷やしタヌキ蕎麦を思い出だした。普通でも大盛り、大盛りは超大盛り(笑),Futaba
120,9925687,安くて美味しい洋食屋 詳細評価3.6豊海埠頭にある洋食屋さん、GOTOにやって来ました。天井が高く、清潔感のある店内。白を貴重とした壁に、絵画が二枚飾られていて、少し洗練された雰囲気になってます。ポーク焼き肉とコロッケとアジフライ盛り合わせ800円を頼みました。さっとドレッシングがのった柔らかめのキャベツが、なかなか美味しいです。フライは熱々でさくっと揚がっていました。ポーク焼き肉は、小皿に盛り付けられています。つゆがたっぷりで、玉ねぎには味が染み込んでいます。ご飯にかければ丼にもなります。ご飯は柔らかめの炊き上がり。ちょっと濃いめの味付けですが、お肉の旨味もあって脂の具合や質感も良かったです。この値段のランチの定食で、これくらい出てくれば期待以上です。好みの問題もありますが、安くて美味しいものを作ろうとしている姿勢は伝わってきました。,Restaurant Goto
121,7492751,"Excellent dumplings My wife and I visited this very small Chinese restaurant for dinner as they have good reviews.This is located in back street from the main road, only a 5min walk from train station. So, it is quite easy to miss.They have limited number of dishes, only soup-noodle (Ramen), fried noodle and vegitable fried dumplings. In fact, they are famous for fried noodle and vegitable fried dumplings. Please do NOT expect friendly welcome from staff/chef. However, we were very surprized by the size and taste of dumplings. They were very tasty. Many reviews and blogs say that this was the best dumplings they had ever had, and I totaly agree with them.We would like to visit them again to have just the dumplings. Unfotunately, there is no menu available in English or other laungages.",Ryumon
122,7492751,この日は大田区にいて この日は大田区にいて美味そうな餃子の店を見つけたので訪問しました。お店の名前は龍門。ぶっきらぼうな感じの店主とお母さん？で営業されてました。今回は餃子大盛り、みそタンメンを注文。まずは餃子大盛り。こちらは大きめの餃子が9個はいってます。餡がすごく多くて皮は緩めに包まれてるので下手に掴むとボロボロとこぼれちゃいます。初めてやと気をつけないと。餡は野菜のみで肉は入ってないみたい。ただ、これが全然物足りなさはなくてめちゃ美味い。9個はボリュームあるなと思ったけど瞬殺でした。味噌タンメンはさらっとしたスープで生姜が結構効いてます。麺よりも野菜が多くてヘルシー。ワシワシとしっかりと湯がかれたキャベツやもやしが美味かったです。脂っぽそうなビジュアルの餃子でしたがサクッと食べられてまた食べたい一品でした。,Ryumon
123,7492751,好みがあると思います 口コミ評価が高く期待をしていきました。ぎょうざは好みがあると思います。家内や息子は惜しいと行っていますが、私にとってはごく普通であり、特に可もなく不可もなくです。,Ryumon
124,1695583,相変わらずのコロナ対 相変わらずのコロナ対応で羽田に限らずゆっくり飲める店が激減している昨今、昼飲みしたくてここへ入る。刺身5点盛りで2500円はちょっと高い様な気もするけどまぁ空港値段という事で。ビールも鯖塩焼き定食も美味い。,Kurochobee
125,1695583,羽田第２ターミナルビルの和食店 羽田第２ターミナルビルの5階飲食店街にある和食の店。5階の飲食店はちょっと高級感のあるお店が並んでいる。ここは空港でうなぎが食べられるのがめずらしい。,Kurochobee
126,1695583,羽田空港第2旅客ターミナル 羽田空港第2旅客ターミナル、エスカレーターを5階に上がったところにある鰻屋さんです。鰻重はもちろんですが、お刺身などもありとても美味しかったです,Kurochobee
127,7081902,忘れられない味 大将が無口だけれど誠実そうな方でした。新鮮さへのこだわりや旬の食材への気持ちがとても伝わります。穴子がとても美味しかったです。その他のお料理も思わず声が出るほどで、予約なしの方が次々来られましたが席がなくお断りされていました。絶対また行きたいお店です。,Sushi Matsumtoo
128,7081902,神楽坂のおいしいお鮨屋さん 白木のカウンターのお鮨屋さん。器も美しく。上品な握りで常に満足度は100％です。自信を持って人に紹介ができるお鮨やさん。要予約。,Sushi Matsumtoo
129,7161776,滑走路ビュー 第二ターミナルの滑走路を目の前に見ながらカフェ、食事ができます。注文はカウンターで行い先払いです。クレジット決済可能です。料理の味はとてもしっかりしています。海も見える眺めがとにかくいいです。,Amici Del Te
130,7161776,パスタランチで利用する店 パスタにワインで軽く昼食を済ませたい時には、羽田空港第２ビル５階にあるイタリアンレストラン「アミーチデルテ」でパスタランチを注文し、グラスワインを楽しんでいる。,Amici Del Te
131,7161776,お一人様でも快適に過ごせる ランチに利用しました。美味しかったです。セルフサービスで、パスタや飲み物、アルコール類、スイーツなど、その時その時でメニューを選べて、いろんな利用のしかたがあって、また来たいと思いました。飛行機の離発着も眺められ、広々としたエリアなので、他のレストランやカフェとは違って落ち着いて過ごせました。,Amici Del Te
132,3237695,カウンター5席と2階MAX10席のみの贅沢な世界。 店内に入った瞬間、清められた空間にピンと背筋が伸びる感じです。1階一枚板のカウンターには5席のみという潔さ（2階にはMAX10席までの個室があるそう）。これからたっぷり受ける日本料理のもてなしに心踊ります。壁に掛けられた5本の包丁は、「自分が魚だったらこういう包丁に刺身にされたい」と思うような、美術品のように美しく研がれ輝くものでした。お料理はどれも繊細で上品なのはもちろん、器もいちいち素晴らしかったです。〆の鯛飯が余ったのをおにぎりにしてくれたのですが、それをまたカワイイ和紙に包んでくださいました。（一瞬、何か和菓子をくださったのかと思いました）最後の最後まで気を抜かないおもてなし、目も舌も心も堪能させていただきました。【今回いただいたもの】〇ハマグリをふっくら炊いたのにふわふわの豆腐を乗せ、その上にカラスミを削って。水菜との愛称もばっちり、お汁も飲み干しました。〇前菜10種（くらい）の盛り合わせ。すべて丁寧な仕事をしてあり、ひとつひとつは小さいけど、お味やその仕事を味わいながらゆっくりいただくと、しみじみ日本料理の贅沢を感じます。〇しんじょの澄まし汁。ちょっぴり乗せたワサビがふわふわで、それだけ食べても美味しいほどでした。〇刺身2種。たまり醤油に漬け込んだ卵黄に、お刺身を付けていただく、というのを初体験しました。ねっとりと美味しくまろやかで、いままでにない食感と美味しさでした。〇香箱蟹のグラタンは、パン粉はサクサク、蟹身がたっぷり。お店のお箸は先端がかなり細いのですが、それで殻の内側をさらえにさらえて、ひとかけらも残さずいただきました。〇土鍋に入った、とろとろの角煮。青菜やとろろ芋との相性も抜群。カラシも香り高く、美味しいものでした。〇焼き鯖。厚い切り身でしたが、中までふんわり火が通っていて、添えられた小さなムカゴも皮が剥いてありました。べったらのような蕪がさっぱりしました。〇〆の鯛飯。土鍋で炊いた鯛飯の、身を丁寧にほぐしてご飯と混ぜて。お焦げが程良くあるサイコーの炊きあがりでした。添えられた香の物3種と練り味噌も、本当に美味しかったです。〇デザートは杏仁豆腐に苺を添えて。‥‥とまあ、本当に五感が楽しいひと時でした。全体を通して、添えられているワサビがふわふわで美味しかったこと、阿波人には嬉しいこの時期でもあおくみずみずしいスダチがたっぷり添えられていたことも印象的でした。,Kagurazaka Kurosu
133,3237695,予約のみのお席になりました 黒須さんはとても有名な料理人。お弟子さんも沢山かかえられ、彼から独立していかれた方もいらっしゃいます。軽子坂を上り切って右手の石畳を入ると左手に。ひっそりとお店はありますが、その存在感は、たいしたもの。店内はカウンター５席の１階と２階席。以前、ランチを行ってくれていたため鯛茶漬けや天丼を目当てにふらりとお邪魔したことありますが、今はランチも完全予約制でコースのご提供とか。夜は１万5千円のコース～ありますが、その内容は本当に満足いくもので、誰をお連れしても恥ずかしくありません。銀座だったらいくらとられるのだろう。。と思うような和の内容。お出汁も美味しくて、季節の最高な素材をそろえていらっしゃいます。またゆっくり予約して伺いたいお店です。,Kagurazaka Kurosu
134,3237695,"誰を連れて行っても喜ばれる懐石 駅からは少し離れて　隠れ家的な　感じの場所にあります。１つ１つお料理がとても丁寧に作られているのを感じました。きっと優しいんだろうなーなんて想像しながら１品１品を楽しめました。そして、おかみさんの丁寧な優しい接客、女子二人での訪問でしたが優しく対応していただき、素敵な時間を過ごせました。お料理も接客もサービスもすべて素敵でした！和が好きな外国人の方もいろいろなお店に行っている方も楽しめて、幸せを感じられるお店だと思います。何度もリピートしたいお店です。築50年 の古民家を改装したというこの黒塀の一軒家カウンターがメインのお店、2階に10名までの個室『ザ・リッツカールトン東京』で和食の統括料理長を務め、日本料理『ひのきざか』にミシュラン1つ星をもたらした熟練の料理人、黒須浩之氏のお店です。場所は飯田橋、神楽坂、牛込神楽坂駅の間にあります。お店の周りには風情ある建物がたくさんあり、外国人に喜ばれそうな場所にありました。初めていったエリアでしたがこんな場所があるんだ！素敵な雰囲気の場所だなーという印象でした。入口からとっても素敵な雰囲気でこれはすごい！素敵だなーという雰囲気でした。素敵な和食を楽しむには最高の雰囲気でした。１階はカウンター、２階は個室すべてのお客様に気配りができるようにと作られた座席数らしいです。今回はランチ訪問です。ランチ懐石 8,000円夏に訪問でしたので季節を感じられる食材をたくさん味わうことができました！神楽坂は和食有名店がたくさんあり、激戦区の１つ。",Kagurazaka Kurosu
135,4669033,オレンジの外観 東京大神宮横にあるカフェです。可愛らしいオレンジの外観が女性の参詣者の多い、東京大神宮によく合います。コーヒーでゆっくりできます。,Cafe L'Abricot
136,4669033,東京大神宮の近く 東京大神宮に立ち寄った帰りにふらっと入れるカフェです。カジュアルな雰囲気で、落ち着いてケーキなどが食べられます。,Cafe L'Abricot
137,4669033,飯田橋駅界のスタバやドトールなどとはチョット違うカフェです メトロ飯田橋で飯田橋2丁目方面の出口からの東京大神宮隣にありますので参拝後に珈琲とデザートで寄りました。店内は女性客のみでした。 チーズケーキとガトーショコラを頂きました。,Cafe L'Abricot
138,15350064,"Cheap Family restaurant  This place is well known in Japan !People love it because is really cheap !You can eat a lot and won’t be a lot of money here ! All you can drink fountain is 190 yen and pastas are from 399 yen !Wines are good and pretty cheap !Love this place when I was a student, still love to come here once in a while !",Saizeriya Ario Kasai
139,15350064,店内中央のソファ席でゆっくり順番待ち アリオ葛西の3F、端に有ります。店内中央のソファ席でゆっくり順番待ちが出来ました。最近のマイトレンドはアーリオオーリオ299円に色々プラスして自分好みのパスタを楽しんでいます。,Saizeriya Ario Kasai
140,15350064,休日は家族連れで混雑しています 江戸川区の南東の端、葛西の旧江戸川沿いにあるショッピングモール、アリオ葛西内のお店です。休日の買い物のついでにいきました。午前１１時にもかかわらずこの店の前だけ大勢の家族連れがおり、順番待ちをしていました。値段が安く小さい皿の料理が多いので、家族連れには大人気なのでしょうね。味は他の店と同じで安定しており、チーズやオリーブオイルやトマトソースなど上質のものでおいしくいただけました。,Saizeriya Ario Kasai
141,3869018,羽田空港第二ターミナルの最上階5階にある稲庭うどんのお店 羽田空港第二ターミナルの最上階5階にある稲庭うどんのお店。麺もつるつると喉ごしが良く、天ぷらもさくさくで美味しかったですが、値段が少し高いです。,Shokokudaidokoro Hifumi
142,3869018,稲庭うどんの店 羽田空港で軽く食べたかったので入店。あさりのうどんが1500円くらいって空港+東京価格にビックリ。味もなんだかパッとしない。やはり本場で食べたものに勝るものはないなー、と痛感。電子マネー使えます。,Shokokudaidokoro Hifumi
143,3869018,初めて行きました。 空港散策で目に入った「稲庭うどん」。平日の13時すぎだったので、すんなり入れましたが、ほぼ満席でした。つるつると完食できました。天ぷらもサクサクでおいしく頂きました。お冷やを飲み終えるとすぐに注いでくれました。お茶も頂きましたが、飲み終えるとまたすぐに注いでくれて、ゆっくり出来ました。,Shokokudaidokoro Hifumi
144,7493233,シャンパーニュの種類多い シャンパーニュを中心にボトルの種類が多いです。食事もとても美味しく、ついつい沢山飲んでたくさん食べてしまいました。,Numero Cinq
145,7493233,気軽にシャンパンを 食前のアペロで訪問でした。確かにシャンパンをこのお値段でいただけるのは感心しました。アミューズがついても納得のお値段ではありましたが、１杯の量がやや少な目なのはご愛敬。気軽に立ち寄ってとい愛情の表現でしょう,Numero Cinq
146,7493233,食事もできるシャンパンバー 軽子坂を登りきったところにあるシャンパンバー。テラス席もありアットホームな雰囲気です。しっかり食事をしたあとに行ったのでグラスシャンパンだけいただきました。一杯990円とお得。食事メニューも美味しそうでしたのでまた来たいと思います。,Numero Cinq
147,6360294,大鳥居駅から１３１号を北上したとこにありました。 すきさとなるすき焼き食べ放題のプレミアムコース２７００円を食べてみました。スタンダードとプレミアムがあり、あまり金額も変わらず迷わずプレミアムコースにしました。価格の割に肉は柔らかく、これで食べ放題ならばコスパは良いと思います。テーブルが広いのも食事しやすくて良かったです。,Washoku Sato Haneda
148,6360294,料理はソコソコ悪くない 料理はソコソコ悪くない、一番安い日替わりランチでこの程度なら他は高い分、随分期待出来そう。が、接客がイマイチなのと禁煙席が臭いのは大減点,Washoku Sato Haneda
149,6360294,さとしゃぶの快楽 ここはなんと言ってもしゃぶしゃぶ食べ放題でしょう。コースとだし二種を決め、最初の具材が運ばれ、しゃぶしゃぶ開始後は具材はタッチパネルで欲しいものをほしいだけオーダーできます。お肉のほうはお値段相応ですが、お肉というよりも野菜不足になっているときに重宝しています。お酒呑まなかったら食べ放題の代金二千円チョいのみですみます。土日祝日はお昼からオーダー可能ですが、地元のお子さん連れが結構、やかましいのでお昼時を外せばのんびりと鍋をつつけます。,Washoku Sato Haneda
150,1690649,気軽に立ち寄り！ 久しぶりに食べたくなり、利用しました。この店舗は、ほとんどがカウンター席になります。ロールキャベツはすぐに出てきますが、セットの料理はちょっと時間がかかりますが、美味しいのでOKですね。,Acacia Haneda Airport Terminal 2
151,1690649,味濃い。 ロールキャベツを頂きました。ホワイトソースの味が濃くてロールキャベツ自体の味が感じられませんでした。ミンチ肉はもさもさでジューシーさがなかったです。,Acacia Haneda Airport Terminal 2
152,1690649,長蛇の列の人気店も流 長蛇の列の人気店も流石にこの御時世、ガラガラである。待ち時間ゼロで入店。初めてだったので名物ロールキャベツ単品を注文。ベビーカーが入れられる席が一席限定であるらしく何組も子連れの客が断られていた。さてロールキャベツといえば個人的にはちょっと好みでは無かった。,Acacia Haneda Airport Terminal 2
153,5929727,"Dinner with a View Decent selection on the menu. We opted for steaks but try to change your rice for chips at your peril, the waitress will categorially refuse, but with a smile. Ordered as a side order lol.While you are waiting on your food you can watch plans landing/taking off, ships on the sea & the Tokyo skyline.Food was nice.Reasonably priced.",Airport Grill & Bar
154,5929727,"good family restaurant in the haneda there is'nt many cheap restaurant in terminal 2 haneda airport. i search from first floor to fifth floor and finally choose this place before flight to sapporo.they serve kids meal, has sofa style chair and good view to the runway. steaks are great and their curry also really delicios. the price and menu also affordable. so its worth the money.",Airport Grill & Bar
155,5929727,"Fast meal before a flight Bench seats outside during busy times to sit on and wait your turn - always full so a good sign.A good choice of food, they have an English menu which makes things easier.Ask for a seat by the window and you can watch the planes.Staff very friendly and helpful.",Airport Grill & Bar
156,9955697,普通の家系ラーメン 極めて平均的な家系ラーメン。可もなく不可もなし、価格も平均的。あえて言うならスープが少なく、麺を食べ終わりスープを飲もうとしたところ、レンゲで数杯分しか残っていなかった。麺は伸びている訳ではないので、初めからスープが少ないのでしょう。,Inokoya
157,6061851,雰囲気の良いレストラン 夢の島のヨットハーバー利用者が、多いのか、ランチの単価はカレー、パスタでも1800円近く、やや高めではありますが、味、雰囲気などは、なかなか良く、おすすめです。,Dimare
158,6061851,ヨットハーバーを眺めながら 江東区夢の島にあるヨットハウスの中にレストランです。ランチは¥1000〜。この日は雨だったので残念でしたが、晴れた日はヨットハーバーや緑を眺めながら食事を楽しめそうです。テラス席はペット連れオーケーです。,Dimare
159,6061851,ランチで 駅から遠いので、車が便利です。ヨットハーバーが一望でき、気分転換にぴったり。同じ建物の貸し会議室は格安なので、お勧めです。ランチや会議後の懇親会にこちらのレストランを利用するといいです。,Dimare
160,9970528,リピートします！ とある夜、独りで行きました。　実は　昼間　この界隈でラーメン屋さん探索をしていた時に、偶然　発見。　ランチ時と言うこともあり、サラリーマン、OLが　吸い込まれるように入店し、一人で入る勇気がなかったのです。しかも　外の看板には「手造り麺」と書いてあるではないですか！ワンタンメンを注文。　美味しい。　ラーメンなんて今の時代　500円台ですよ！今度は夜　飲みを兼ねて行きます！,Chimman Saro
161,9970528,メニューは少ないが、美味しいですね。 昔ながらの街の中華屋さんです。２代目が注いでからお店が綺麗になりました。変わったメニューはありませんが、普通に落ち着いて食べることができます。餃子が美味しいですね。どれでもオススメですけどね（笑）,Chimman Saro
162,9962356,麻布の本店 高級住宅街にこんなお店があるとは意外。お店の内容は土建屋の兄ちゃんが食べるような、超ガッツリ系。でもそれがかなりたまらない。いいお店です。,Azabu Ramen Main Store
163,9962356,芸能人も訪れる テレビで芸能人も訪れるとみました。いざ行ってみると、屋台のラーメン屋という感じでどこか懐かしみのあるスープでした。,Azabu Ramen Main Store
164,9962356,深夜の締めにはもってこいの老舗ラーメン！ 深夜無性にラーメンが食べたくなり訪問。2時過ぎでも必ず何組かお客さんが入るほどの人気店。立地もあるのか有名人の方々もよく訪問されるとのこと。味は比較的普通のらーめんだが、多少豚骨の香りがするので苦手な方もいるかもしれません。個人的には半チャーハンセットの醤油豚骨がおすすめです。そしておつまみも多くあり、お酒が進みます。卓上にあるからしもやしもぜひ。,Azabu Ramen Main Store
165,7489880,小中学生の集まり とにかく食べ放題がお得なお店。予約しようとしてもまず当日は団体客で難しい。定休日は水曜日だったかな？もんじゃ、お好み焼きはなかなかうまいが、焼きそばは量が多すぎる。唯一ビールがキリンなのがちょっと重たくて減点。あとは、コストパフォーマンス考えると平井では敵なしかもしれません。広島焼きが駅近くにありますがコストは全く違いますね。,Tsukushino
166,8520083,ホテルの一階です 晴海センタービル店が閉店してしまったので、徒歩で数分のこちらにお伺いしました。カウンターとお座敷があり、ランチは握り、ちらし、天丼、刺身定食など。握り（930円）をいただきました。握り7貫と巻物でした。玉子、サーモン、赤身、エビ他。握りは上もあったので、次回は上にしようと思います。,Yoshikame Zushi
167,8520083,高級感があります ホテルマリナーズコート1階にあるお寿司屋さん。勝どき駅からは徒歩10分ほど。清潔感あり、気もちよいお寿司屋さんです。ランチは、低価格の握りもあり、満足できます。,Yoshikame Zushi
168,8520083,ランチの利用に！ オフィス街からも少し離れていますので、ランチでも比較的待たずに入れます。ランチの価格は900円~2000円程度です。海鮮丼をいただいましたが、ネタもそこそこ豊富、ボリュームもたっぷりで、そこそこ満足です。焼き魚を食べている方が多いように思います。,Yoshikame Zushi
169,1662658,"Located about 30 minutes directly from Haneda Airport. Delicious Tonkotsu Ramen restaurant open 24 hours. Located about 30 minutes directly from Haneda Airport.There are not many ramen shops open 24 hours. The most valuable are those open 24 hours a day. I started eating ramen for breakfast. Tonkotsu Ramen is the basic type of Ramen. For an extra charge, you can have various options such as adding spicy soup. There is a wide variety of ramen itself.The green onions in Doraku's ramen are distinctive, very chewy, and delicious. The soup is not smelly enough to be bothersome for a pork bone broth. To order, purchase a meal ticket and tell the waiter how thick you want your noodles, soup, etc. when you hand over your ticket.",Ramen Doraku Samezu Honten
170,1662658,"Doraku Ramen I love this place.  Rich salty taste, chicken and pork broth, great topping.Every time I stay at Art & Shelter (a nearby hostel) I eat at Doraku Ramen.I’ve been back many times and still love it.They blanch their bean sprouts and mix them with wafu vinaigrette 😋🍜🥟❣️",Ramen Doraku Samezu Honten
171,1662658,久しぶりの訪問でした 久しぶりの訪問でしたが、かなり味が変わったかの様に感じました。全員外人部隊だから？かはわかりません。以前は鶏油を駆使した上品なラーメンでしたが今のラーメンは普通のありきたりのラーメン屋に落ちぶれてました。,Ramen Doraku Samezu Honten
172,9907741,回転寿司 回転寿司チェーンのスシロー。パネルでオーダーできるので便利です。混雑していることも多いですがわりと回転は早い気がしますね。安くて美味しい。,Sushiro Minami Kasai
173,9907741,コスパ抜群 安くて美味しい回転寿司。お寿司の他にもいろいろなサイドメニューもあり、家族連れにおすすめします。楽しめますスシローは。,Sushiro Minami Kasai
174,9907741,週末は混んでます 平日は割と空いていますが、週末は家族連れが多く混雑しているのでネット予約がお勧めです。駐車場も広いです。,Sushiro Minami Kasai
175,12096197,"Exceptional Japanese-French cooking The place is in Azabu, a few minutes walk away from Azabu-Juban station, or 20-20 minutes from Mita/Tamachi or Roppongi.We were greeted very professionally and warmly. Throughout the dinner service was impeccable, getting the balance of friendly and professional right.My partner and me went for the Chef's course. The selection is seasonal, ingredients are very high quality. We agreed that especially the vegetables were outstanding. But of course the Hokkaido beef and the scallop were also divine.Since we didn't want to drink much and preferred variety we tried some of the wines by glass and followed the host's recommendations. This proved to be a good decision.Overall, it was a splendid dinner.",T’astous
176,12096197,"""Last T'astous in Paris"" I hadn't seen my friend for a while, and having agreed on French Cuisine for our dinner get together, the place that came to mind was  T'astous - a quiet cafe / whiskey bar / diner tucked away from the mad rush at Azabujuban Crossing.We had a simple Menu Parisian. The ​Lobster Salad with Mango Vinaigrette entreé was exquisite. Pan Fried Fish of the Day (snapper) followed and whet our appetite for my Veal viande - which with the bread refills sang ""La Marseillaise"" to my palette as it was cleansed with Artisanal Kagua Blanc. (And although we didn't have it at the time - I highly recommend their house specialty  ""kuro buta"" (Hokkaido Black Pork) dishes - whichever way prepared, they are to die for!). And the food price is spot on - very reasonable and great value for money. The preparation, choice of ingredients and cooking / taste were well,  just impeccable,  as I always remember when I come here. Thank you again Chef Tsuyoshi-san :)Highly Recommended!",T’astous
177,12096197,"Very good meal We went there for dinner and our friend (who's French and authority on foie gras) has approved the meal. The staff and chef were very friendly and professional. The only complain is that my duck was overcooked, however, the rest of the dishes were very good.",T’astous
178,13859937,ランチ 駅前のまぐろやには無いメニューがこちらにはあります。焼き魚定食が食べたくなると来店します。もちろん刺身も美味しいですよ。駐車場はマルエツに停めるのが良いと思います。,Maguroya Fujimi
179,10659006,歓迎会・送別会・女子会などはこのお店をおすすめします お店は駅から多少歩きます。豊洲にはバリアフリーである程度の人数で利用できるお店は少ないので貴重な存在です。このお店ですがランチにはサラダバーやソフトクリーム・コーヒー等の飲み放題（コーヒーは持ち帰り用の紙コップが用意されています）です。ディナータイムでは凝った料理が用意されており落ち着いた雰囲気で楽しめました。,Toyosu Diningfukurou
180,10659006,お肉が美味しいかったです。 はじめての訪問です。落ち着いた雰囲気のお店でした。お肉の料理が美味しかったです。　しあわせ絆牛 サーロインステーキ ～国産本生わさび添え～、鴨のロースト 3種フランス産キノコと八丁味噌のマリアージュ　はお肉が柔らかく、味も濃厚でした。　国産 黒毛和牛の赤ワイン煮込み　は私がワインを飲まないため、お肉にブルーベリーソースをかけたような味に感じてしまいました。　そのほかの料理も美味しかったです。また利用してみたいです。,Toyosu Diningfukurou
181,10659006,ふくろう 豊洲でご飯しようということになり、こちらに伺いました。ビルの2階にあるお店です。お店も大きめだったり、お料理の味も宴会など向きかもです。,Toyosu Diningfukurou
182,19837460,最高のショコラが羽田空港で買い求めることができる ルショコラアランデュカスはフランス料理の最高峰店の経営となるチョコレート専門店。超高級であるが間違いない品質で、空港内の売店で買えることが素晴らしい。,Le Chocolat Alain Ducasse Haneda Airport
183,19837460,高級チョコレート専門店 六本木、日本橋にある高級チョコレート専門店アランデュカスの羽田空港店です。第二旅客ターミナル出発階の中央にあります。六本木、日本橋の様に工房併設ではないので販売している種類は少ないですが、定番のタブレットチョコやナッツ系は一通り販売されています。値段はかなり高いですが、東京にしかないチョコとしてお土産には良いと思います。,Le Chocolat Alain Ducasse Haneda Airport
